Group,Task Number,Latency (Server),Throughput (Server)
1,Task 1,9.984970092773438e-05,87982236.4851958
1,Task 2,0.004100675582885742,148355327.10273772
1,Task 3,0.002580385208129883,74201246.74608992
1,Task 4,0.001679844856262207,60706991.70393705
1,Task 5,0.001979794502258301,334957610.80909234
1,Task 6,0.0014796495437622071,4900655.902620312
1,Task 7,0.0016596317291259766,3918794.7474433887
1,Task 8,0.00118133544921875,6019603.514160249
1,Task 9,0.0012986087799072266,2586126.9915436916
1,Task 10,0.0009001541137695312,3460278.8353394237
1,Task 11,0.0010400533676147461,1542510.8806206004
1,Task 12,0.0008999967575073242,2167039.0080082663
1,Task 13,0.0010000324249267577,985670.2186253846
1,Task 14,0.0008200836181640625,1421978.7261092511
1,Task 15,0.0009798955917358397,615353.0385347179
1,Task 16,0.0007816505432128906,711113.6730898629
1,Task 17,0.0008580923080444336,383987.5492318403
1,Task 18,0.0008201265335083008,468244.9344125035
1,Task 19,0.0009300851821899414,261252.3233689702
1,Task 20,0.000800185203552246,327512.08608867525
1,Task 21,0.0003800058364868164,1165.3757883915423
1,Task 22,0.0005401086807250977,73159.44253545202
1,Task 23,0.0005399370193481445,129020.4405981964
1,Task 24,0.0006599569320678711,299930.56474247813
1,Task 25,5.9995651245117184e-05,2631.538529105442
2,Task 1,0.00010004043579101563,87814491.51572926
2,Task 2,0.003901114463806152,121396440.94984215
2,Task 3,0.0025202274322509766,77053151.74703325
2,Task 4,0.0017399787902832031,57233755.48562009
2,Task 5,0.0018593263626098633,inf
2,Task 6,0.0015398502349853516,5151348.46373956
2,Task 7,0.0014998579025268554,4012336.2957637217
2,Task 8,0.00110015869140625,5811565.092902165
2,Task 9,0.0011598491668701172,2753685.4760738495
2,Task 10,0.0009201240539550782,3324998.6808286626
2,Task 11,0.0009399843215942383,1706828.3573311123
2,Task 12,0.0007199668884277344,2326937.031900139
2,Task 13,0.0008999347686767578,1103591.7743115795
2,Task 14,0.0007199382781982422,1391116.7678945295
2,Task 15,0.0009598875045776367,680862.4200396695
2,Task 16,0.0006600189208984375,888929.7692531856
2,Task 17,0.0008703041076660157,426697.5933873788
2,Task 18,0.000800013542175293,533379.0571061451
2,Task 19,0.0008199596405029297,266697.9190573414
2,Task 20,0.0006801223754882812,387867.66847763263
2,Task 21,0.0004999971389770508,1149.0236472418856
2,Task 22,0.0006600522994995117,74998.73044255699
2,Task 23,0.0005199527740478516,146348.66653485154
2,Task 24,0.0007000064849853516,352877.6712098267
2,Task 25,0.0,2000.011444157281
3,Task 1,0.0002001047134399414,43902014.34528774
3,Task 2,0.004010939598083496,166890718.40618142
3,Task 3,0.002500648498535156,83471887.42760067
3,Task 4,0.0017394495010375976,83488476.13501993
3,Task 5,0.0018598222732543945,335010863.21144676
3,Task 6,0.0014797735214233398,5010297.340204838
3,Task 7,0.0015197181701660156,4043751.0533461478
3,Task 8,0.0011600065231323242,5813333.467840313
3,Task 9,0.001139988899230957,2752951.2220760807
3,Task 10,0.0009231328964233399,3459988.927951123
3,Task 11,0.0010570573806762695,1684522.8610514954
3,Task 12,0.0007800674438476563,2206884.1415540692
3,Task 13,0.0009195661544799805,1122817.9510024134
3,Task 14,0.0007200241088867188,1386582.5873602107
3,Task 15,0.0008599281311035157,605454.360094009
3,Task 16,0.0007402515411376953,820441.8797985232
3,Task 17,0.0007599306106567383,417588.2269363796
3,Task 18,0.0008399581909179687,533315.4754966887
3,Task 19,0.0007798528671264649,297699.29688366415
3,Task 20,0.0006600093841552735,345828.3918011878
3,Task 21,0.0004801225662231445,1315.9096185581889
3,Task 22,0.0004801225662231445,71432.12679958218
3,Task 23,0.00047996997833251956,153875.179611977
3,Task 24,0.0004798746109008789,363631.19337639253
3,Task 25,5.9986114501953124e-05,2082.801497680978
4,Task 1,0.00020003318786621094,43917712.324195474
4,Task 2,0.0037006711959838867,190803446.64017257
4,Task 3,0.0027003002166748045,62596142.12447663
4,Task 4,0.0016194295883178711,87088422.86555345
4,Task 5,0.0019201850891113282,167558709.41475827
4,Task 6,0.001319584846496582,5430366.259452871
4,Task 7,0.0017000627517700195,3744768.799245622
4,Task 8,0.0010697221755981445,6244173.919598138
4,Task 9,0.0010804080963134767,2666409.6232356243
4,Task 10,0.0008797645568847656,3880008.1810527686
4,Task 11,0.0008801746368408203,1505826.7686499555
4,Task 12,0.000800180435180664,2393144.7420621654
4,Task 13,0.0008798599243164063,1184737.5120267633
4,Task 14,0.0008200836181640625,1454934.7208672087
4,Task 15,0.0007997989654541015,727128.4279414474
4,Task 16,0.000640096664428711,799819.6055062274
4,Task 17,0.0008800077438354492,436433.1064383265
4,Task 18,0.000779886245727539,468244.9344125035
4,Task 19,0.0006599998474121093,320080.43403088296
4,Task 20,0.0007601642608642578,399939.5938556891
4,Task 21,0.0002999687194824219,1136.35363666412
4,Task 22,0.0004199504852294922,76934.29692945449
4,Task 23,0.0006400394439697266,181818.22385342311
4,Task 24,0.0004600381851196289,315721.2359959352
4,Task 25,0.00011993408203125,3333.6809308831944
5,Task 1,0.0003000497817993164,29278474.88279698
5,Task 2,0.0040608406066894535,148376286.2405411
5,Task 3,0.0025008678436279296,87102868.23483066
5,Task 4,0.0018393611907958985,66776581.17196379
5,Task 5,0.0020394039154052732,334744770.38919777
5,Task 6,0.0015402555465698243,4948729.08010615
5,Task 7,0.0016394758224487305,4043396.385684596
5,Task 8,0.001139988899230957,5497560.81111209
5,Task 9,0.001350255012512207,2510537.496434367
5,Task 10,0.0009398078918457032,3324123.721808585
5,Task 11,0.001100144386291504,1561474.6890114972
5,Task 12,0.0008400774002075195,2245635.902004827
5,Task 13,0.0009598684310913086,947969.0785361392
5,Task 14,0.0007798957824707031,1361980.4761228259
5,Task 15,0.0009201240539550782,581741.822232432
5,Task 16,0.0008597898483276367,761834.5641031463
5,Task 17,0.0008803415298461914,400054.827892836
5,Task 18,0.0008403730392456055,492373.4794198929
5,Task 19,0.0008401012420654297,278223.3535789059
5,Task 20,0.0007996988296508789,297747.17682226823
5,Task 21,0.00033991336822509767,1135.9227823487035
5,Task 22,0.0005400323867797851,71396.86448515936
5,Task 23,0.0004599618911743164,142839.9268937803
5,Task 24,0.000599970817565918,300112.9814142354
5,Task 25,6.003379821777344e-05,2941.926071403521
6,Task 1,0.00019998550415039061,43928183.88173582
6,Task 2,0.0039005088806152344,154031436.32247123
6,Task 3,0.0026408672332763673,64617080.727227986
6,Task 4,0.0016591882705688477,66795692.50240486
6,Task 5,0.0018900203704833984,201022497.45766753
6,Task 6,0.001579756736755371,5152148.249135693
6,Task 7,0.0014801502227783203,3829045.1987071843
6,Task 8,0.0010799407958984376,6094546.4594763145
6,Task 9,0.0013597869873046874,2708965.5116735543
6,Task 10,0.0007999658584594727,3241005.327513817
6,Task 11,0.0009601736068725586,1729554.176733997
6,Task 12,0.0008101415634155273,2370500.317908866
6,Task 13,0.0009001398086547852,941323.9073107783
6,Task 14,0.0008997964859008789,1600068.2859952908
6,Task 15,0.0008601188659667969,666546.128136748
6,Task 16,0.000680079460144043,789985.3913207258
6,Task 17,0.0008200263977050781,426600.39730258036
6,Task 18,0.0008800268173217773,426763.16924658587
6,Task 19,0.0008999538421630859,297633.2808515357
6,Task 20,0.0006998968124389648,376426.6016000224
6,Task 21,0.000359954833984375,1219.4729374549345
6,Task 22,0.0005202054977416992,68179.74045677441
6,Task 23,0.0006200218200683594,133340.17188211982
6,Task 24,0.0005997991561889648,342907.6911547292
6,Task 25,9.996891021728516e-05,2778.126324713862
7,Task 1,0.0005000352859497071,17568760.139226623
7,Task 2,0.004040908813476562,166870830.9311725
7,Task 3,0.0022606134414672853,69100753.94395967
7,Task 4,0.0017992353439331055,87088422.86555345
7,Task 5,0.0018005037307739257,334984234.8938876
7,Task 6,0.0014094638824462891,4973138.699140943
7,Task 7,0.001439685821533203,4473122.124513537
7,Task 8,0.0010799741744995117,5620165.274152128
7,Task 9,0.0010600709915161133,2843648.6481476086
7,Task 10,0.0009399795532226562,3632586.87488582
7,Task 11,0.0010201501846313476,1778165.737072906
7,Task 12,0.0007198953628540039,2370427.053208352
7,Task 13,0.0008200693130493164,1207466.3020156266
7,Task 14,0.0006700992584228515,1361731.7478998418
7,Task 15,0.0008800363540649414,627358.6082144143
7,Task 16,0.0006800699234008789,889018.0893272307
7,Task 17,0.0007398366928100586,468253.1023775882
7,Task 18,0.0007000398635864257,573049.4328613108
7,Task 19,0.0007599687576293945,290897.0735328381
7,Task 20,0.0007400274276733399,376431.8802981328
7,Task 21,0.00023999214172363282,1351.6496406818987
7,Task 22,0.0004801797866821289,85709.40473676682
7,Task 23,0.0005797910690307618,157901.22790615962
7,Task 24,0.0004600381851196289,324312.3038757692
7,Task 25,5.999088287353516e-05,4166.803099543016
8,Task 1,0.00029997825622558595,29285455.921157207
8,Task 2,0.0039008474349975586,235677754.10723552
8,Task 3,0.0023201894760131836,105473635.10921416
8,Task 4,0.001789841651916504,62584951.75270019
8,Task 5,0.0018801259994506835,143548372.19251338
8,Task 6,0.0013096332550048828,5151701.094409138
8,Task 7,0.001659727096557617,4358264.747142808
8,Task 8,0.0010599422454833985,5649661.79503779
8,Task 9,0.001120147705078125,2723221.7423172225
8,Task 10,0.0008598709106445312,3909491.440014564
8,Task 11,0.001020050048828125,1542422.2483983107
8,Task 12,0.0006000328063964843,2415225.934156897
8,Task 13,0.0009001493453979492,1142706.4432638607
8,Task 14,0.0007998847961425781,1488595.5370214276
8,Task 15,0.0007400321960449219,627420.1944652207
8,Task 16,0.0006799364089965821,1066608.347372771
8,Task 17,0.0008413171768188476,426595.8776321017
8,Task 18,0.0006389665603637695,480069.1322698333
8,Task 19,0.0006799745559692383,345930.895126163
8,Task 20,0.0008000659942626953,376505.797619799
8,Task 21,0.00024005413055419922,1188.612365886974
8,Task 22,0.00033998966217041015,93901.62759979404
8,Task 23,0.0003798484802246094,176477.19160454694
8,Task 24,0.0006401538848876953,299975.2541928409
8,Task 25,0.00013999462127685546,4165.7271120116
9,Task 1,9.992122650146485e-05,87919257.07468385
9,Task 2,0.0040005302429199216,133526631.69537856
9,Task 3,0.0025005865097045897,62609202.61702857
9,Task 4,0.0017395687103271484,58923570.55655296
9,Task 5,0.0018998575210571289,334957610.80909234
9,Task 6,0.0016396617889404296,5023334.103164349
9,Task 7,0.0015798139572143555,4043851.2967882063
9,Task 8,0.001181488037109375,5812935.091306803
9,Task 9,0.0012183952331542968,2694938.9326580144
9,Task 10,0.0009200382232666016,3122595.180624786
9,Task 11,0.0011600255966186523,1620443.9695633408
9,Task 12,0.000780038833618164,2166759.13728529
9,Task 13,0.0008798885345458984,1050562.219195667
9,Task 14,0.0008899974822998047,1391246.5456656266
9,Task 15,0.0009601736068725586,551711.9638269448
9,Task 16,0.0007600927352905273,820471.9719291383
9,Task 17,0.0007600212097167969,436418.9154915838
9,Task 18,0.0007502317428588867,431461.89470977144
9,Task 19,0.0009399938583374023,266618.4512546992
9,Task 20,0.0007400798797607422,336801.0087639505
9,Task 21,0.0003600120544433594,1315.7527542851406
9,Task 22,0.0006000900268554688,79975.28839736867
9,Task 23,0.0006399059295654297,127660.40856080475
9,Task 24,0.000679931640625,324289.3187119055
9,Task 25,5.9995651245117184e-05,2777.6847682119205
10,Task 1,0.00040001869201660155,21961473.73942067
10,Task 2,0.003990969657897949,143040054.69619843
10,Task 3,0.0024804067611694336,100204293.10784863
10,Task 4,0.001639714241027832,66774458.36585153
10,Task 5,0.0020001792907714845,1005112487.2883377
10,Task 6,0.0014194869995117188,5035367.773400863
10,Task 7,0.001619858741760254,4076750.7000474837
10,Task 8,0.0010198974609375,6166928.2043079855
10,Task 9,0.0012402772903442384,2559770.528383571
10,Task 10,0.0008997249603271484,3606936.8735051462
10,Task 11,0.000919957160949707,1580384.71750822
10,Task 12,0.000880136489868164,2510056.2537402753
10,Task 13,0.0008999872207641602,1032027.2812902482
10,Task 14,0.0007201051712036133,1422656.9856799128
10,Task 15,0.0008799028396606445,695684.567898035
10,Task 16,0.0006600427627563477,727159.9432218358
10,Task 17,0.000879964828491211,426672.72505708877
10,Task 18,0.0006401157379150391,533255.4401160134
10,Task 19,0.0008197593688964844,290941.21357618587
10,Task 20,0.0007800054550170898,387853.658043216
10,Task 21,0.0003201675415039063,1136.4090559330666
10,Task 22,0.0005601787567138672,93733.04926923019
10,Task 23,0.0003998231887817383,146384.4202982852
10,Task 24,0.0005999898910522461,307690.1558268482
10,Task 25,1.999378204345703e-05,3123.3647086858095
11,Task 1,0.0005000352859497071,17568760.139226623
11,Task 2,0.003930583000183106,154096411.20597163
11,Task 3,0.00240109920501709,71548652.16850747
11,Task 4,0.001799001693725586,66771274.40973354
11,Task 5,0.0019002628326416015,143519041.68908566
11,Task 6,0.0012793874740600587,5112727.551883227
11,Task 7,0.0016199350357055664,4211404.501268005
11,Task 8,0.0010999917984008789,5620895.208307932
11,Task 9,0.0012001371383666992,2694364.1227158895
11,Task 10,0.0008999729156494141,4001915.059987253
11,Task 11,0.0009600257873535156,1580310.2862609464
11,Task 12,0.0008020401000976562,2327290.079545701
11,Task 13,0.0009578752517700195,1066544.779825736
11,Task 14,0.0006401443481445313,1422265.023471691
11,Task 15,0.0008398151397705078,666648.7592633064
11,Task 16,0.0007200574874877929,797965.0891795482
11,Task 17,0.0008999490737915039,400887.275551197
11,Task 18,0.0006600522994995117,599864.7041296704
11,Task 19,0.0006798744201660156,304828.98899626394
11,Task 20,0.0008400249481201172,355527.16893918824
11,Task 21,0.0002999401092529297,1111.1739865312372
11,Task 22,0.0005199861526489258,90901.88769207429
11,Task 23,0.0005599546432495117,176503.18417730398
11,Task 24,0.0006000185012817382,285705.80021116446
11,Task 25,0.00014002323150634765,3333.9989189532926
12,Task 1,0.00030007362365722654,29276148.609566186
12,Task 2,0.0039313316345214845,121382410.6328419
12,Task 3,0.0025199079513549805,100152932.01735565
12,Task 4,0.0017799139022827148,58931423.00996682
12,Task 5,0.001959853172302246,inf
12,Task 6,0.0014994192123413087,5111753.947068384
12,Task 7,0.0014799308776855468,4012844.990850826
12,Task 8,0.0011998224258422852,5681173.671957672
12,Task 9,0.001179957389831543,2612440.6013464364
12,Task 10,0.0008812189102172851,3414655.4598331694
12,Task 11,0.0010189199447631836,1729810.5192612547
12,Task 12,0.0008999776840209961,2133649.0674466756
12,Task 13,0.0009205341339111328,1084784.93463458
12,Task 14,0.0008396625518798829,1452533.5137036336
12,Task 15,0.0006998014450073242,628116.0784900999
12,Task 16,0.0008999490737915039,711128.7439267983
12,Task 17,0.0008399677276611328,417149.1157731158
12,Task 18,0.0007000541687011718,457326.5761826339
12,Task 19,0.0007198667526245118,365818.05000034074
12,Task 20,0.0008600234985351562,284460.54055199673
12,Task 21,0.00027997970581054686,1190.5219296751707
12,Task 22,0.0006601285934448243,85707.65332534126
12,Task 23,0.0004000282287597656,166697.5166758298
12,Task 24,0.0006798410415649414,279062.1423819029
12,Task 25,0.0,3571.687444648818
13,Task 1,0.0004997730255126953,17577979.505772352
13,Task 2,0.003960542678833008,129229192.17121808
13,Task 3,0.0023804378509521486,83475204.64168976
13,Task 4,0.0016616487503051758,60704360.06907066
13,Task 5,0.0018580102920532228,501957677.3701763
13,Task 6,0.0015395784378051758,5074052.126089291
13,Task 7,0.0014797210693359374,4247957.994767775
13,Task 8,0.0011601543426513672,6085521.984199637
13,Task 9,0.0011999750137329103,2755635.973545693
13,Task 10,0.0009201526641845703,3325585.676101749
13,Task 11,0.0009500360488891601,1730055.787574117
13,Task 12,0.0008000469207763672,2206602.954353026
13,Task 13,0.0009799957275390624,1066688.8771443216
13,Task 14,0.0007600593566894531,1391073.514017723
13,Task 15,0.0008998966217041016,673658.6477411324
13,Task 16,0.0007198953628540039,799953.0819754205
13,Task 17,0.0008601331710815429,391838.44297391985
13,Task 18,0.0007397794723510742,505223.6994654822
13,Task 19,0.0008001184463500977,284477.12084441667
13,Task 20,0.0007800865173339844,355607.2357308923
13,Task 21,0.0003398418426513672,1162.6106673023512
13,Task 22,0.0006200456619262695,81105.251284299
13,Task 23,0.0004799509048461914,149977.79459704284
13,Task 24,0.0006599855422973632,307658.1823516467
13,Task 25,4.003524780273437e-05,2942.545250456012
14,Task 1,0.0004999160766601563,17572949.56123617
14,Task 2,0.003979434967041015,154092172.04269522
14,Task 3,0.002400937080383301,83481839.86089721
14,Task 4,0.0017592668533325194,80127694.33710352
14,Task 5,0.0019199228286743164,200792637.05750632
14,Task 6,0.0014299201965332032,5049963.164731088
14,Task 7,0.0015195274353027343,4211688.878737987
14,Task 8,0.0011201906204223633,5747848.872867229
14,Task 9,0.0011198997497558593,2666773.8533716477
14,Task 10,0.0009000587463378906,3580619.4026864436
14,Task 11,0.000999922752380371,1684734.3065510187
14,Task 12,0.0008201122283935547,2285325.330643067
14,Task 13,0.0009000921249389649,1142959.4481818955
14,Task 14,0.0006999635696411133,1422129.3945622921
14,Task 15,0.0008998584747314454,640049.4422958622
14,Task 16,0.0007000160217285156,780380.9988952846
14,Task 17,0.0008400344848632813,426622.997091591
14,Task 18,0.0006800937652587891,548599.9795630581
14,Task 19,0.000820150375366211,284489.18045296054
14,Task 20,0.0007798385620117188,365705.91537015344
14,Task 21,0.00023988723754882812,1190.4273193769584
14,Task 22,0.0005200004577636719,88223.12902275882
14,Task 23,0.0004799127578735352,146314.63156548332
14,Task 24,0.0005000019073486328,307756.00450031797
14,Task 25,0.0001000833511352539,4168.625268346983
15,Task 1,0.00030007362365722654,29276148.609566186
15,Task 2,0.0038608121871948242,111291058.76867647
15,Task 3,0.0023509979248046873,143142405.45172665
15,Task 4,0.0017394161224365235,55634475.59163565
15,Task 5,0.0017999935150146485,1004633291.8235995
15,Task 6,0.0014594554901123046,5205122.400579989
15,Task 7,0.0014398574829101562,4301152.244036995
15,Task 8,0.0010999107360839843,5813445.023054865
15,Task 9,0.0011599111557006837,2844454.6923594517
15,Task 10,0.0009400224685668945,3508157.689417454
15,Task 11,0.0008800411224365234,1777953.7422175123
15,Task 12,0.000860142707824707,2327461.5984878703
15,Task 13,0.0008603096008300781,1103532.7953430817
15,Task 14,0.0007398509979248047,1361669.5800382476
15,Task 15,0.0008999586105346679,727238.7433760661
15,Task 16,0.0007014894485473633,744062.5772652937
15,Task 17,0.0007984209060668946,446350.9411373462
15,Task 18,0.0007198476791381836,519023.4264427229
15,Task 19,0.0007799911499023437,284457.52616101946
15,Task 20,0.0006998729705810547,364937.77708292264
15,Task 21,0.00035993099212646486,1252.4722140933225
15,Task 22,0.0007199859619140625,83350.96679318773
15,Task 23,0.0002798891067504883,153847.8994473517
15,Task 24,0.0007201290130615235,342919.37264093093
15,Task 25,2.0003318786621095e-05,2778.310348025383
16,Task 1,9.9945068359375e-05,87898283.96946566
16,Task 2,0.004021224975585938,160284431.8011427
16,Task 3,0.0024201202392578123,69062130.81481847
16,Task 4,0.0017900800704956055,69088821.60313128
16,Task 5,0.0019197797775268555,167425578.38868585
16,Task 6,0.001479792594909668,4997482.140892101
16,Task 7,0.0015192461013793946,4178304.794930803
16,Task 8,0.001081390380859375,5648909.323480915
16,Task 9,0.00125856876373291,2666972.566299145
16,Task 10,0.0009000301361083984,3459944.3311260412
16,Task 11,0.0010799264907836914,1685046.2855725982
16,Task 12,0.0007399606704711914,2367322.703541696
16,Task 13,0.0009600925445556641,1017028.2601035838
16,Task 14,0.0007397985458374024,1422174.6013245033
16,Task 15,0.0008600950241088867,592632.9296131616
16,Task 16,0.0007799386978149414,864910.833156121
16,Task 17,0.0008218574523925781,399961.44348534365
16,Task 18,0.0008183813095092773,519060.22546359256
16,Task 19,0.0007399702072143554,297641.53125433123
16,Task 20,0.0007102441787719727,328230.92470883136
16,Task 21,0.00037990093231201174,1216.75601661677
16,Task 22,0.0004999113082885743,73315.45735810799
16,Task 23,0.0005801153182983398,162168.691158181
16,Task 24,0.0005798912048339843,337911.9564414665
16,Task 25,0.00012002944946289062,2632.265190596327
17,Task 1,9.992122650146485e-05,87919257.07468385
17,Task 2,0.003990893363952637,160238579.04242435
17,Task 3,0.0023603296279907228,69088253.49921471
17,Task 4,0.0017600011825561522,66768090.75723742
17,Task 5,0.0019694137573242187,251143356.12895536
17,Task 6,0.0011997461318969727,5035464.034573111
17,Task 7,0.0016999626159667968,4284147.383519496
17,Task 8,0.001139826774597168,5745450.685046559
17,Task 9,0.0010999679565429688,2599758.42098127
17,Task 10,0.000940098762512207,4267569.499811212
17,Task 11,0.0010000371932983399,1505915.4689375835
17,Task 12,0.000799856185913086,2245955.3127313955
17,Task 13,0.0009203338623046875,1163670.261834576
17,Task 14,0.0007812213897705078,1361559.0734099913
17,Task 15,0.0008386468887329101,639976.1971743681
17,Task 16,0.0007400941848754882,800143.839944677
17,Task 17,0.0008400249481201172,417239.89057448396
17,Task 18,0.0008400821685791015,491538.00065920386
17,Task 19,0.0008400249481201172,305253.62156507105
17,Task 20,0.0007198667526245118,345901.92063604563
17,Task 21,0.00032155513763427735,1190.4408342131853
17,Task 22,0.0005000543594360352,71421.58498790996
17,Task 23,0.0005798959732055665,142852.90010558223
17,Task 24,0.0006000471115112305,333395.0333516596
17,Task 25,8.001804351806641e-05,3109.8865574256693
18,Task 1,9.9945068359375e-05,87898283.96946566
18,Task 2,0.0038409423828125,114419966.53752136
18,Task 3,0.002470288276672363,100157707.57200076
18,Task 4,0.001719675064086914,58946307.083774745
18,Task 5,0.0019004011154174804,502256782.1713741
18,Task 6,0.001419515609741211,5232049.324646433
18,Task 7,0.001629638671875,4093449.374103622
18,Task 8,0.0010202836990356446,5880180.628989413
18,Task 9,0.0011198616027832031,2694168.0671847207
18,Task 10,0.0008799552917480469,3606864.1759659247
18,Task 11,0.0010001087188720704,1570900.3745318353
18,Task 12,0.0007799148559570312,2509106.048072384
18,Task 13,0.0008999967575073242,1142998.3819597024
18,Task 14,0.0007799386978149414,1454619.35623713
18,Task 15,0.0007614755630493164,639930.4274857203
18,Task 16,0.0007588386535644532,820602.3966740035
18,Task 17,0.0008398723602294921,426668.2038539178
18,Task 18,0.0007800626754760743,492346.387063247
18,Task 19,0.0008800792694091797,336189.38337935915
18,Task 20,0.0007198286056518554,337357.6171924092
18,Task 21,0.0003000020980834961,1190.657113334166
18,Task 22,0.0007002973556518555,76916.89640628152
18,Task 23,0.0004000091552734375,136351.35398719157
18,Task 24,0.0006796693801879882,333412.7014619864
18,Task 25,4.001140594482422e-05,3333.310021457522
19,Task 1,0.00030009746551513673,29273822.705966473
19,Task 2,0.0038608407974243166,119843239.73270002
19,Task 3,0.0024604701995849607,77016424.11864997
19,Task 4,0.0017195558547973633,60583551.01705304
19,Task 5,0.0019395685195922852,1005112487.2883377
19,Task 6,0.0013801288604736329,5205083.828736644
19,Task 7,0.0014998912811279297,4109783.5697037587
19,Task 8,0.0010797691345214844,5880588.276204394
19,Task 9,0.0011601209640502929,2639762.3740955903
19,Task 10,0.0008599662780761719,3709798.5171057996
19,Task 11,0.0009300279617309571,1706790.3735495151
19,Task 12,0.0007601165771484375,2370877.17934677
19,Task 13,0.0008800745010375977,1103333.2209868678
19,Task 14,0.0007400894165039062,1488430.4566726552
19,Task 15,0.0007601690292358399,688151.3527924898
19,Task 16,0.0007200336456298828,841976.111612968
19,Task 17,0.0007999515533447265,436326.69682767586
19,Task 18,0.0006199455261230468,518856.22390598425
19,Task 19,0.0008798646926879883,336767.20591648424
19,Task 20,0.0006797933578491211,355538.94120607676
19,Task 21,0.0003200054168701172,1250.0757024832799
19,Task 22,0.0006686067581176758,96782.69698181708
19,Task 23,0.0005202007293701172,136384.60663013966
19,Task 24,0.0006613016128540039,353048.462784874
19,Task 25,1.999378204345703e-05,3124.947101773208
20,Task 1,0.0002001047134399414,43902014.34528774
20,Task 2,0.0039821815490722655,154042732.36590979
20,Task 3,0.002518949508666992,80133043.77449906
20,Task 4,0.0016595983505249023,77070114.7773762
20,Task 5,0.0019798374176025393,334718184.3539036
20,Task 6,0.001499924659729004,5046480.114569812
20,Task 7,0.001549663543701172,4014371.850331843
20,Task 8,0.0010800409317016603,6093040.522004466
20,Task 9,0.0012403249740600586,2586070.9341477156
20,Task 10,0.0008798122406005859,3413504.7829169272
20,Task 11,0.0009399652481079102,1651971.4943320984
20,Task 12,0.0008601284027099609,2370280.537392771
20,Task 13,0.0009398937225341796,1031987.6054821905
20,Task 14,0.0008199596405029297,1454855.8668906835
20,Task 15,0.0007798671722412109,680876.2358909321
20,Task 16,0.0006598377227783203,744074.9520462131
20,Task 17,0.0008803033828735352,408556.8301963371
20,Task 18,0.0008402299880981445,468315.73291152494
20,Task 19,0.0008400440216064453,328261.02843167225
20,Task 20,0.0006798362731933594,387974.18086690083
20,Task 21,0.000379786491394043,1135.9720063050813
20,Task 22,0.0005201673507690429,71409.0199706031
20,Task 23,0.0004999685287475586,142849.65658171085
20,Task 24,0.0005198383331298828,353026.1762477906
20,Task 25,6.003856658935547e-05,2633.0583700578804
21,Task 1,9.922981262207031e-05,88531861.22056703
21,Task 2,0.004201111793518067,210791148.22815138
21,Task 3,0.002670254707336426,71553526.7605154
21,Task 4,0.0018402767181396485,71558402.0167781
21,Task 5,0.002019481658935547,200811772.01124504
21,Task 6,0.001759648323059082,4783495.652509485
21,Task 7,0.0016202020645141601,3786904.662022561
21,Task 8,0.0011601018905639648,5494825.8054486
21,Task 9,0.0012793445587158203,2535304.0357389096
21,Task 10,0.0010200881958007813,2909672.309464128
21,Task 11,0.0010802364349365235,1580049.8320977336
21,Task 12,0.0009800004959106445,2206702.7222544197
21,Task 13,0.000979938507080078,1000512.3258466332
21,Task 14,0.0006597375869750976,1254793.4632212706
21,Task 15,0.0008202314376831055,592462.8898835536
21,Task 16,0.0008601570129394532,653060.8940205624
21,Task 17,0.0008999538421630859,391861.32316016895
21,Task 18,0.0006798267364501953,582049.6021162645
21,Task 19,0.0008200120925903321,312107.0325262332
21,Task 20,0.0008599567413330078,297620.0811583919
21,Task 21,0.00034005165100097656,1111.168099017665
21,Task 22,0.00038012981414794924,88257.78214210563
21,Task 23,0.0005599164962768555,146339.3053399159
21,Task 24,0.0005598783493041993,279083.8055737305
21,Task 25,0.00010007381439208985,2940.7297304877025
22,Task 1,0.00019991397857666016,43943900.584376864
22,Task 2,0.003941130638122558,125203477.62230466
22,Task 3,0.0024201488494873047,83517522.24409057
22,Task 4,0.0017799949645996094,77007247.68163364
22,Task 5,0.0018994569778442382,501718649.9047619
22,Task 6,0.001319718360900879,5099044.37209246
22,Task 7,0.00165985107421875,4178255.4003412523
22,Task 8,0.0010399293899536132,5680914.9470119905
22,Task 9,0.0011399078369140625,2695507.2211274146
22,Task 10,0.0008600091934204101,3879615.6450418225
22,Task 11,0.0010198450088500976,1542307.0417356133
22,Task 12,0.0007199764251708985,2461705.5972561664
22,Task 13,0.0009001588821411133,1122897.7980054882
22,Task 14,0.0006802177429199219,1488356.1824603425
22,Task 15,0.0009200096130371094,627546.337380831
22,Task 16,0.0006599664688110351,888917.9945691767
22,Task 17,0.0008699655532836914,426591.3580573905
22,Task 18,0.0008001422882080078,564525.1156660966
22,Task 19,0.0007598638534545898,278257.96206074423
22,Task 20,0.0007401227951049805,387898.4949965681
22,Task 21,0.00039992332458496096,1149.470799419003
22,Task 22,0.0006399822235107422,74986.66285264776
22,Task 23,0.0004797077178955078,157923.02720341377
22,Task 24,0.0005202627182006836,324270.51509196917
22,Task 25,4.00543212890625e-05,2500.4793132228447
23,Task 1,0.00040001869201660155,21961473.73942067
23,Task 2,0.0038811731338500976,160240107.0450471
23,Task 3,0.0022423648834228515,83461937.36701466
23,Task 4,0.001757211685180664,74205178.73652044
23,Task 5,0.001840195655822754,502436416.21363854
23,Task 6,0.0013597440719604493,5177815.909506954
23,Task 7,0.0014798545837402344,4509524.7766119875
23,Task 8,0.0009599447250366211,5754571.338945061
23,Task 9,0.0011598825454711913,2782312.8392892773
23,Task 10,0.0008199548721313476,3765414.4670166466
23,Task 11,0.0009200191497802735,1729899.6996919587
23,Task 12,0.0008102655410766602,2666820.2170727467
23,Task 13,0.0008200502395629883,1103560.0156221094
23,Task 14,0.0006998872756958008,1561061.5211942522
23,Task 15,0.0007799720764160156,695637.6942293539
23,Task 16,0.0006599235534667969,789864.5166985434
23,Task 17,0.0007999897003173828,468263.9934409834
23,Task 18,0.00074005126953125,548659.7818459296
23,Task 19,0.0006801795959472657,328216.878194312
23,Task 20,0.0006998014450073242,387923.7203387381
23,Task 21,0.00038012027740478514,1250.0160934612863
23,Task 22,0.0005000495910644532,81075.46391752578
23,Task 23,0.00048002719879150393,176423.99259695466
23,Task 24,0.0005399084091186523,342954.42187531944
23,Task 25,3.999710083007812e-05,2630.7462649121267
24,Task 1,0.00020008087158203126,43907245.75786463
24,Task 2,0.003961000442504883,138143565.09758142
24,Task 3,0.002240109443664551,100188759.78154588
24,Task 4,0.0016999244689941406,64615092.99864649
24,Task 5,0.001919989585876465,502316645.9117997
24,Task 6,0.001419234275817871,5073465.729605312
24,Task 7,0.0015598344802856445,4514065.1625743685
24,Task 8,0.0010201501846313476,5948499.585974755
24,Task 9,0.0010798883438110352,2666681.130805586
24,Task 10,0.0008400249481201172,3607579.1623968957
24,Task 11,0.0009198808670043946,1641199.7762295909
24,Task 12,0.0007602071762084961,2509434.4328576573
24,Task 13,0.0007599115371704102,1185307.7286516035
24,Task 14,0.0008001279830932617,1523764.267792877
24,Task 15,0.0008400678634643555,695742.2672396365
24,Task 16,0.000559859275817871,841875.7675926914
24,Task 17,0.000839838981628418,505321.97659460985
24,Task 18,0.0007900857925415039,479923.2224268321
24,Task 19,0.0007200336456298828,304737.28508585214
24,Task 20,0.0007399177551269531,457257.76290126145
24,Task 21,0.0002800464630126953,1190.7044348680213
24,Task 22,0.0005800342559814453,75941.12002317539
24,Task 23,0.0003998851776123047,166658.87869034847
24,Task 24,0.0006200408935546875,324360.3742943315
24,Task 25,4.000663757324219e-05,3570.836029286566
25,Task 1,0.0003000497817993164,29278474.88279698
25,Task 2,0.003940649032592773,138119720.42116335
25,Task 3,0.0025001096725463866,64630998.25230769
25,Task 4,0.0017599201202392579,62605470.49163227
25,Task 5,0.0017998170852661132,334877763.94119984
25,Task 6,0.0015997886657714844,5099667.550646529
25,Task 7,0.0013997554779052734,4044622.566377589
25,Task 8,0.0011000490188598632,5745715.3217984075
25,Task 9,0.0012698745727539062,2844733.5242642052
25,Task 10,0.0008201742172241211,3200422.7242921013
25,Task 11,0.0010101842880249024,1828890.8601601091
25,Task 12,0.0008002138137817383,2327169.0225707316
25,Task 13,0.0008998298645019531,1007973.5648412389
25,Task 14,0.0008399295806884766,1560644.0352784544
25,Task 15,0.0008400392532348633,633547.7670626997
25,Task 16,0.0008400392532348633,799786.2433484092
25,Task 17,0.000679922103881836,426747.33874557517
25,Task 18,0.0007800054550170898,457181.1837907191
25,Task 19,0.0008600759506225586,304747.6638909229
25,Task 20,0.0007599163055419922,304747.6638909229
25,Task 21,0.00027994632720947267,1470.7567150571567
25,Task 22,0.000580134391784668,76922.53895671204
25,Task 23,0.0006198883056640625,139522.56183089298
25,Task 24,0.0006399440765380859,315824.25360490946
25,Task 25,6.000995635986328e-05,3572.113304604064
26,Task 1,0.00019991397857666016,43943900.584376864
26,Task 2,0.0038508844375610353,235730652.24942133
26,Task 3,0.0025005149841308594,62590080.17640179
26,Task 4,0.001639394760131836,64616583.783617504
26,Task 5,0.0019097042083740235,201060858.6994895
26,Task 6,0.0014599990844726563,5218541.435309297
26,Task 7,0.0015197992324829102,4043966.9684742065
26,Task 8,0.0010599470138549804,6168129.998894726
26,Task 9,0.0011599969863891602,2681043.4713129285
26,Task 10,0.0008399343490600586,3506851.514122227
26,Task 11,0.0009401798248291016,1684433.0127853164
26,Task 12,0.0008198308944702148,2415215.0688074427
26,Task 13,0.0008000564575195312,1103451.1425623486
26,Task 14,0.0007425165176391602,1523928.6277938313
26,Task 15,0.0008177089691162109,680720.8398843637
26,Task 16,0.000819859504699707,780648.7951561965
26,Task 17,0.0006601619720458985,479966.1278787012
26,Task 18,0.0007199382781982422,517160.2124366639
26,Task 19,0.0007400226593017578,313069.82027687394
26,Task 20,0.0007200145721435547,312248.62129733566
26,Task 21,0.0003600168228149414,1514.779769729714
26,Task 22,0.00033991336822509767,83340.47767283517
26,Task 23,0.000640101432800293,162157.1967988453
26,Task 24,0.0006200265884399414,333326.58710711397
26,Task 25,9.994983673095704e-05,2777.6479781724747
27,Task 1,0.0005000591278076172,17567922.49451702
27,Task 2,0.004059157371520996,154080868.74747846
27,Task 3,0.002320122718811035,77038315.21964368
27,Task 4,0.001860208511352539,71551089.38148807
27,Task 5,0.0019995784759521485,200993736.1312476
27,Task 6,0.00142974853515625,4950781.199318193
27,Task 7,0.001599712371826172,4358390.14807888
27,Task 8,0.0011214828491210938,5435949.754174421
27,Task 9,0.0011785697937011718,2560539.664522037
27,Task 10,0.0009399747848510742,3581049.3062966913
27,Task 11,0.0009199953079223632,1600287.679889354
27,Task 12,0.0007399082183837891,2282692.0643559303
27,Task 13,0.0009199333190917969,1086062.1126053957
27,Task 14,0.0009200191497802735,1361738.6557904296
27,Task 15,0.0009002017974853515,695655.7218159296
27,Task 16,0.0006597137451171875,864972.1466778372
27,Task 17,0.0007800102233886719,417421.5587485227
27,Task 18,0.0008102035522460937,417382.61653761234
27,Task 19,0.0008801746368408203,284380.6807708199
27,Task 20,0.000719904899597168,388047.0914768128
27,Task 21,0.0003999948501586914,1282.0344785426091
27,Task 22,0.0005200386047363281,74055.46400489665
27,Task 23,0.0005200529098510743,136336.5802390214
27,Task 24,0.0005599355697631836,333377.36711376056
27,Task 25,9.998321533203125e-05,2500.0321869225727
28,Task 1,0.00029997825622558595,29285455.921157207
28,Task 2,0.003960609436035156,147973860.26540804
28,Task 3,0.0024602508544921877,85229707.2742212
28,Task 4,0.0017697763442993163,66937777.02995538
28,Task 5,0.0019403076171875,250695179.2992683
28,Task 6,0.0014995431900024414,5073966.601492897
28,Task 7,0.0016798782348632813,4110149.9798430856
28,Task 8,0.0010398960113525391,5713716.330638099
28,Task 9,0.0011600589752197266,2638756.841774143
28,Task 10,0.0009596443176269531,3414373.146525819
28,Task 11,0.0010402631759643555,1523919.9763834956
28,Task 12,0.0008399820327758789,2461784.613127172
28,Task 13,0.0008199644088745117,1103392.1786239836
28,Task 14,0.0007398223876953125,1333827.519726512
28,Task 15,0.0009201335906982422,615228.9293588621
28,Task 16,0.0007998514175415039,761921.0590552746
28,Task 17,0.0008001995086669922,468313.0094964498
28,Task 18,0.0006598854064941407,519043.4979890688
28,Task 19,0.0009399127960205079,278220.4699273447
28,Task 20,0.00076141357421875,320059.44402382243
28,Task 21,0.00028000354766845705,1249.6883454300594
28,Task 22,0.0005415010452270507,90924.87787958492
28,Task 23,0.00047007083892822263,127671.41856996459
28,Task 24,0.0005985260009765625,315203.2064128257
28,Task 25,8.016109466552735e-05,3571.383321128727
29,Task 1,0.00029995441436767576,29287783.67379382
29,Task 2,0.003878984451293945,154054030.06628224
29,Task 3,0.002620048522949219,69076893.38255243
29,Task 4,0.0015798616409301758,62612468.59178335
29,Task 5,0.0020000410079956056,167492117.4469438
29,Task 6,0.0016297769546508788,5180737.446188115
29,Task 7,0.0014199542999267579,3859470.50653
29,Task 8,0.001139822006225586,6400560.490883463
29,Task 9,0.0012599515914916992,2559947.5108418623
29,Task 10,0.0008799123764038086,3141534.174593097
29,Task 11,0.0010401105880737305,1802874.9236028558
29,Task 12,0.0009600353240966796,2245964.7085400647
29,Task 13,0.0009398555755615234,1015912.0466561456
29,Task 14,0.0008400297164916993,1454690.3013585794
29,Task 15,0.0007599210739135743,615319.1856120517
29,Task 16,0.0008199739456176757,666642.1369465664
29,Task 17,0.0007400083541870118,408573.4127507585
29,Task 18,0.0007799196243286132,457126.68547457806
29,Task 19,0.0007999849319458008,336877.0899872621
29,Task 20,0.0008401203155517578,312205.04184088256
29,Task 21,0.00024004459381103517,1351.336095521003
29,Task 22,0.0005201292037963867,76931.00433477419
29,Task 23,0.000579991340637207,150002.8253133773
29,Task 24,0.0006398725509643555,285673.3679179958
29,Task 25,0.00011998176574707031,4165.8926123835445
30,Task 1,9.992122650146485e-05,87919257.07468385
30,Task 2,0.003930506706237793,148399872.3504217
30,Task 3,0.002320618629455566,77053858.3908805
30,Task 4,0.001819486618041992,69071782.54879071
30,Task 5,0.0020000886917114257,334877763.94119984
30,Task 6,0.0013596963882446288,5112826.7935803905
30,Task 7,0.001619877815246582,4357458.7705401415
30,Task 8,0.0011798572540283204,5557611.636012936
30,Task 9,0.0010999250411987305,2559886.4796435325
30,Task 10,0.0009200143814086914,3765546.517785439
30,Task 11,0.0010001230239868163,1580366.1090391006
30,Task 12,0.000839996337890625,2169754.003087692
30,Task 13,0.0008600139617919922,1163715.6643011041
30,Task 14,0.0008811807632446289,1391282.5993438407
30,Task 15,0.0008387136459350586,639921.2743335828
30,Task 16,0.0007599830627441406,761908.0835603997
30,Task 17,0.000839996337890625,446504.3790682975
30,Task 18,0.000780029296875,435778.9184889365
30,Task 19,0.0008599710464477539,305229.3249796749
30,Task 20,0.0006598663330078125,336849.6122474589
30,Task 21,0.00042002201080322267,1190.4813805631245
30,Task 22,0.0005399465560913086,76920.18779342723
30,Task 23,0.0005199480056762696,139539.58158903016
30,Task 24,0.0005800342559814453,363710.02428026363
30,Task 25,6.000995635986328e-05,2380.827609695181
31,Task 1,0.00019979476928710938,43970120.09546539
31,Task 2,0.0038610267639160156,154119024.01658213
31,Task 3,0.0024001598358154297,80127694.33710352
31,Task 4,0.0017592906951904297,71540123.23044829
31,Task 5,0.0019003534317016601,167405626.97914597
31,Task 6,0.001349492073059082,5204833.125688513
31,Task 7,0.0016797256469726562,4213052.751365849
31,Task 8,0.00108001708984375,5747770.978181326
31,Task 9,0.0010800886154174805,2694235.669317221
31,Task 10,0.0009200096130371094,3794020.0629661954
31,Task 11,0.0011000490188598632,1524058.4107374016
31,Task 12,0.000839853286743164,2370332.8623905056
31,Task 13,0.0010601091384887695,1185087.9471637139
31,Task 14,0.0006599855422973632,1391289.8103037213
31,Task 15,0.0007999563217163086,581792.2556426829
31,Task 16,0.0008600997924804687,762037.8584000454
31,Task 17,0.000879964828491211,362226.85576261353
31,Task 18,0.0007199954986572266,581830.9271795909
31,Task 19,0.0007999420166015625,320017.47226742486
31,Task 20,0.0007801532745361328,297639.88113718014
31,Task 21,0.000399932861328125,1136.4090559330666
31,Task 22,0.0005199098587036132,83333.85432533742
31,Task 23,0.0005000019073486328,150010.87267525037
31,Task 24,0.0005600214004516602,307631.8562435059
31,Task 25,0.00012004375457763672,2500.419687142312
32,Task 1,0.00029995441436767576,29287783.67379382
32,Task 2,0.0038808631896972657,138150379.37452728
32,Task 3,0.0023402929306030273,77058098.52616133
32,Task 4,0.0017592525482177735,71541341.52567628
32,Task 5,0.0019019508361816405,167425578.38868585
32,Task 6,0.0013980817794799804,5178229.4344593035
32,Task 7,0.00153994083404541,4320826.622928106
32,Task 8,0.0010997867584228516,5747895.610692196
32,Task 9,0.0011002302169799804,2691972.8431461034
32,Task 10,0.000839681625366211,3662160.593999298
32,Task 11,0.0009002208709716797,1662401.5308918746
32,Task 12,0.0006999444961547852,2327723.9704823927
32,Task 13,0.0009000635147094726,1163392.8792770929
32,Task 14,0.0007800006866455078,1524387.2931502492
32,Task 15,0.000780181884765625,710936.6385931458
32,Task 16,0.0006699228286743164,914358.2148526115
32,Task 17,0.0008200168609619141,426636.55811440106
32,Task 18,0.0007399702072143554,492307.25892234896
32,Task 19,0.0006797599792480468,328128.6133385488
32,Task 20,0.0007198667526245118,382133.56679692224
32,Task 21,0.0003200101852416992,1219.4871198464848
32,Task 22,0.0005800056457519531,81084.3455790905
32,Task 23,0.0005199193954467773,176532.89935183368
32,Task 24,0.0005600118637084961,333395.0333516596
32,Task 25,0.00012002944946289062,3124.900537914798
33,Task 1,0.00040001869201660155,21961473.73942067
33,Task 2,0.003840837478637695,267116939.47765818
33,Task 3,0.0024402952194213868,74182902.96571636
33,Task 4,0.001619706153869629,77055978.40019076
33,Task 5,0.0019198274612426758,111634791.77791905
33,Task 6,0.0013596105575561523,5232192.226766085
33,Task 7,0.0016798686981201172,4143760.9349567285
33,Task 8,0.0010220909118652344,6243107.724102603
33,Task 9,0.00113800048828125,2666906.325366291
33,Task 10,0.0007798624038696289,3765784.2325106706
33,Task 11,0.0009402751922607422,1523928.6277938313
33,Task 12,0.0006599760055541992,2504669.565379663
33,Task 13,0.0008998584747314454,1124779.833735586
33,Task 14,0.0008200597763061523,1641315.177714324
33,Task 15,0.0007399702072143554,680651.797758507
33,Task 16,0.000619959831237793,969732.2245262162
33,Task 17,0.0008600425720214844,426733.7706794408
33,Task 18,0.000699930191040039,468258.547845958
33,Task 19,0.0007400846481323242,345959.87447078613
33,Task 20,0.0006799411773681641,412929.97884859436
33,Task 21,0.0002999258041381836,1162.733139650928
33,Task 22,0.0002999734878540039,85722.83460275504
33,Task 23,0.0005400705337524414,162143.61465655544
33,Task 24,0.0005199337005615235,352971.70988961664
33,Task 25,0.00018001556396484374,3334.157935738247
34,Task 1,0.0003000497817993164,29278474.88279698
34,Task 2,0.003860669136047363,174169624.54369256
34,Task 3,0.0024407100677490234,69070646.91065733
34,Task 4,0.0016297054290771483,74203212.68921664
34,Task 5,0.0020403575897216795,334930990.9560518
34,Task 6,0.0013597536087036133,5205315.268372032
34,Task 7,0.0015995597839355469,4143056.618488866
34,Task 8,0.0009798622131347657,6204802.303276435
34,Task 9,0.0011399459838867187,2509364.0574534815
34,Task 10,0.000979781150817871,3765388.057974267
34,Task 11,0.0009202241897583007,1600440.337216651
34,Task 12,0.000780034065246582,2612612.2282132637
34,Task 13,0.0008799028396606445,1122860.2215306363
34,Task 14,0.0007402420043945313,1306414.1915074827
34,Task 15,0.0008598470687866211,695482.6955462861
34,Task 16,0.0005799818038940429,820476.9874988538
34,Task 17,0.0007798385620117188,436411.8203642788
34,Task 18,0.0008000373840332031,518749.2708064931
34,Task 19,0.0007613945007324219,297727.362566062
34,Task 20,0.0006787347793579102,441393.15799426136
34,Task 21,0.00038001060485839846,1282.3166854179915
34,Task 22,0.000460057258605957,74996.49541065682
34,Task 23,0.0005800437927246094,157605.55124126357
34,Task 24,0.0005399227142333984,353599.08951040107
34,Task 25,6.000041961669922e-05,2631.505508570281
35,Task 1,0.0005000114440917968,17569597.863818426
35,Task 2,0.0038208723068237304,138066383.58064252
35,Task 3,0.002602400779724121,80146802.75104214
35,Task 4,0.0016973781585693359,69107574.27516265
35,Task 5,0.001940293312072754,200907501.5111789
35,Task 6,0.0014594697952270508,5259531.9566451805
35,Task 7,0.0015398120880126952,3885642.8566978704
35,Task 8,0.001120157241821289,5957423.187607805
35,Task 9,0.001299872398376465,2638776.296420084
35,Task 10,0.0008998584747314454,3508123.303917693
35,Task 11,0.0010302114486694337,1662540.526814525
35,Task 12,0.0008202457427978516,2285393.4290846866
35,Task 13,0.0008400201797485352,984712.0391191585
35,Task 14,0.0007999420166015625,1422445.9022648027
35,Task 15,0.0008798503875732422,621231.6906656298
35,Task 16,0.0008502101898193359,780253.9734213861
35,Task 17,0.0009200906753540039,457131.87523060763
35,Task 18,0.000639967918395996,480034.79256080114
35,Task 19,0.0008398675918579101,290958.5579726639
35,Task 20,0.0008398914337158204,301102.0134378751
35,Task 21,0.00024008750915527344,1086.8494016801671
35,Task 22,0.0005803585052490234,93754.69968929522
35,Task 23,0.000499882698059082,142879.66479876003
35,Task 24,0.0005797338485717773,285751.2177951379
35,Task 25,0.00010002613067626954,4165.147964250248
36,Task 1,0.00020008087158203126,43907245.75786463
36,Task 2,0.004000701904296875,143110709.80752853
36,Task 3,0.0025199365615844725,87108286.48385258
36,Task 4,0.001840362548828125,62596142.12447663
36,Task 5,0.0019195032119750976,inf
36,Task 6,0.0014996719360351562,5023118.562874252
36,Task 7,0.0015998363494873046,4012799.430808619
36,Task 8,0.0011197423934936523,5494569.538180914
36,Task 9,0.0011601209640502929,2667356.828609685
36,Task 10,0.0008600759506225586,3414080.024419403
36,Task 11,0.0009702920913696289,1600163.667252839
36,Task 12,0.0008597850799560546,2286240.134226473
36,Task 13,0.0009200763702392578,1103333.2209868678
36,Task 14,0.000780038833618164,1488240.6595295253
36,Task 15,0.0008199739456176757,659595.193748925
36,Task 16,0.0007000970840454102,744372.0703233321
36,Task 17,0.0008701753616333008,417356.6591000964
36,Task 18,0.0006198883056640625,492283.18315748294
36,Task 19,0.0008401107788085937,312205.04184088256
36,Task 20,0.0007598018646240235,365663.5712874861
36,Task 21,0.0003799152374267578,1149.1936500282209
36,Task 22,0.0005599021911621094,96791.63076923077
36,Task 23,0.0004599332809448242,142838.30540798258
36,Task 24,0.0006400394439697266,315871.8228715593
36,Task 25,0.0,2632.166076762808
37,Task 1,0.00040001869201660155,21961473.73942067
37,Task 2,0.003931474685668945,148340921.12994352
37,Task 3,0.002439842224121094,77048912.15611474
37,Task 4,0.001659684181213379,87122738.4439905
37,Task 5,0.0018195199966430664,501957677.3701763
37,Task 6,0.0015799236297607423,5111567.950126745
37,Task 7,0.0015010833740234375,4144530.2897168496
37,Task 8,0.0010390853881835937,6092725.419969488
37,Task 9,0.0012199020385742188,2813928.9534856295
37,Task 10,0.0008996248245239258,3240662.9684849726
37,Task 11,0.0009402942657470703,1705434.917407878
37,Task 12,0.0008197641372680664,2463705.1286757956
37,Task 13,0.000940103530883789,1049264.5798805465
37,Task 14,0.0007597780227661132,1422815.3393581214
37,Task 15,0.000661463737487793,680637.9910139254
37,Task 16,0.000778651237487793,780712.367014315
37,Task 17,0.0009101629257202148,408465.65020237985
37,Task 18,0.0006600856781005859,505410.77590264665
37,Task 19,0.000719904899597168,387020.4600667536
37,Task 20,0.000880122184753418,328773.6378946079
37,Task 21,0.00019997119903564453,1098.7043876882776
37,Task 22,0.0005401611328125,90897.29104962798
37,Task 23,0.0005199813842773438,166688.68355688028
37,Task 24,0.0004598569869995117,272689.4108086144
37,Task 25,4.003524780273437e-05,5000.720127810764
38,Task 1,0.0005001068115234375,17566247.444698703
38,Task 2,0.003981118202209473,147278715.0021473
38,Task 3,0.002380332946777344,129224223.27012104
38,Task 4,0.0017798185348510743,62992703.40453288
38,Task 5,0.0018596410751342773,111602273.63292111
38,Task 6,0.0015596818923950195,5047828.016974468
38,Task 7,0.0014299535751342773,4248145.207455248
38,Task 8,0.0010199689865112306,5681478.084419498
38,Task 9,0.0012200927734375,2753219.4617879717
38,Task 10,0.0008798599243164063,3282720.6784697743
38,Task 11,0.0009399032592773437,1790267.911152016
38,Task 12,0.0007799863815307617,2509880.235433818
38,Task 13,0.0007800817489624024,1049100.5502751376
38,Task 14,0.0007599735260009765,1454777.0214610882
38,Task 15,0.000860142707824707,680921.1412800845
38,Task 16,0.00071990966796875,820527.1465688522
38,Task 17,0.0007397222518920898,492256.1007365751
38,Task 18,0.0008001375198364258,505280.7589504198
38,Task 19,0.0007400894165039062,297625.03090611746
38,Task 20,0.0006398391723632812,355600.1695633743
38,Task 21,0.00036011219024658205,1351.8587516357143
38,Task 22,0.0005440568923950195,74987.10973116966
38,Task 23,0.00031003475189208987,162142.56997062007
38,Task 24,0.0006360101699829101,375094.258629941
38,Task 25,0.0001800680160522461,2776.912381986467
39,Task 1,0.0002999305725097656,29290111.796502385
39,Task 2,0.003840470314025879,190662728.15113178
39,Task 3,0.002380990982055664,71582788.26666667
39,Task 4,0.0016992521286010743,74179628.24501616
39,Task 5,0.0018802881240844727,201070451.29770994
39,Task 6,0.0014590978622436523,5232692.445663983
39,Task 7,0.0015999555587768554,4246971.146135822
39,Task 8,0.0010602521896362306,5950853.219365864
39,Task 9,0.001179661750793457,2722986.937171115
39,Task 10,0.000940089225769043,3509017.5460383343
39,Task 11,0.000980210304260254,1600044.442457568
39,Task 12,0.0007497072219848633,2414519.889723905
39,Task 13,0.000780324935913086,1085056.7962715195
39,Task 14,0.0007200050354003906,1361572.8857576172
39,Task 15,0.0008800268173217773,652921.1101111571
39,Task 16,0.0007000875473022461,853666.5797424074
39,Task 17,0.0007799100875854492,492102.6899527028
39,Task 18,0.0006199932098388672,533329.6034332035
39,Task 19,0.0008400392532348633,290900.2259489041
39,Task 20,0.000740218162536621,365668.5524353115
39,Task 21,0.0002599763870239258,1282.199084122549
39,Task 22,0.00042026042938232423,96775.25341865222
39,Task 23,0.000559687614440918,142850.46744887013
39,Task 24,0.0005400943756103516,324228.737076046
39,Task 25,9.9945068359375e-05,3846.5031822600463
40,Task 1,0.0003001689910888672,29266847.212073073
40,Task 2,0.003800978660583496,133460881.15002781
40,Task 3,0.0025907373428344727,71570593.06444056
40,Task 4,0.0015791130065917968,60735076.679750465
40,Task 5,0.002000293731689453,167286018.30667248
40,Task 6,0.0014198684692382812,5287059.411408277
40,Task 7,0.0016394281387329102,3903135.9269082323
40,Task 8,0.0010230302810668944,6403594.902827602
40,Task 9,0.0010970020294189453,2559624.078647507
40,Task 10,0.0009600496292114257,3605967.813868515
40,Task 11,0.0010201406478881835,1561520.1054061365
40,Task 12,0.000799870491027832,2502369.7219697502
40,Task 13,0.0008797979354858398,1166816.4375939982
40,Task 14,0.0006799650192260742,1333264.4074362884
40,Task 15,0.0008600568771362305,627364.4730507295
40,Task 16,0.0008017778396606446,800129.5299412799
40,Task 17,0.0008580970764160156,436463.85665584507
40,Task 18,0.000800018310546875,564734.9336250605
40,Task 19,0.0007599878311157226,297654.7328502442
40,Task 20,0.000760035514831543,319290.4409884326
40,Task 21,0.0005000066757202148,1165.3693124986107
40,Task 22,0.0006003856658935546,74998.28342551974
40,Task 23,0.0005597829818725586,157897.26504413952
40,Task 24,0.0006596517562866211,315774.717518555
40,Task 25,0.00012012958526611328,1999.973297475658
41,Task 1,0.00019996166229248048,43933421.53332538
41,Task 2,0.004000921249389649,117795922.6211673
41,Task 3,0.0023803424835205076,83521673.33817111
41,Task 4,0.0017295598983764649,62588215.197812915
41,Task 5,0.0019201087951660157,502196932.69780743
41,Task 6,0.0013396310806274413,5022843.177197176
41,Task 7,0.001659832000732422,4248128.187438151
41,Task 8,0.0011198139190673828,5846574.038570227
41,Task 9,0.0010601663589477539,2666515.5708311396
41,Task 10,0.000980043411254883,3821947.754154787
41,Task 11,0.0009998369216918945,1542324.7647173735
41,Task 12,0.0008600568771362305,2286094.1058243415
41,Task 13,0.0008601188659667969,1207357.684194429
41,Task 14,0.0007199525833129882,1306064.5939765484
41,Task 15,0.0008799934387207031,640104.3871404658
41,Task 16,0.0008600568771362305,744136.8321256106
41,Task 17,0.0008401107788085937,446449.9212773035
41,Task 18,0.0006599187850952149,533368.4591184555
41,Task 19,0.0008201885223388672,290911.2599432126
41,Task 20,0.0008211326599121094,297654.7328502442
41,Task 21,0.00038000106811523436,1190.319211733188
41,Task 22,0.0006802272796630859,90920.2789118104
41,Task 23,0.00047968387603759767,146307.82647116962
41,Task 24,0.0006401205062866211,292279.2037351049
41,Task 25,4.001617431640625e-05,2631.571550469307
42,Task 1,0.0002999067306518555,29292440.289371174
42,Task 2,0.0039307022094726566,125161512.78945918
42,Task 3,0.002340269088745117,80096376.25525506
42,Task 4,0.001779923439025879,55675027.65055132
42,Task 5,0.0020004987716674806,502256782.1713741
42,Task 6,0.0014192819595336913,5112572.494443959
42,Task 7,0.0016196680068969727,4320870.642026122
42,Task 8,0.0011199235916137696,5681143.2325056195
42,Task 9,0.0011201858520507812,2559361.7314407616
42,Task 10,0.0008800268173217773,3607457.958306036
42,Task 11,0.00105987548828125,1580570.8263044315
42,Task 12,0.0008800077438354492,2285870.2318353094
42,Task 13,0.0009620475769042968,1142667.5293717012
42,Task 14,0.000818023681640625,1454501.1297445206
42,Task 15,0.0008798265457153321,603844.5148286785
42,Task 16,0.0006399154663085938,727266.3274650368
42,Task 17,0.0007999944686889649,399148.6587759472
42,Task 18,0.0009401512145996094,469424.0626748741
42,Task 19,0.0007598209381103516,290966.4424728881
42,Task 20,0.0007602691650390625,400052.84053651267
42,Task 21,0.00042050838470458985,1250.0086427332494
42,Task 22,0.0006401968002319336,63819.52080501511
42,Task 23,0.0005001974105834961,157931.94683267857
42,Task 24,0.0007196044921875,315677.67185148015
42,Task 25,4.001140594482422e-05,2378.0738657625275
43,Task 1,0.00020000934600830078,43922947.47884134
43,Task 2,0.003940577507019043,182100581.34136695
43,Task 3,0.0023003816604614258,95424476.97077763
43,Task 4,0.001719832420349121,71540123.23044829
43,Task 5,0.0019399166107177735,111566820.89212441
43,Task 6,0.0014004182815551757,5099760.114908174
43,Task 7,0.0013788986206054689,4395792.304296005
43,Task 8,0.00106142520904541,5879642.621196368
43,Task 9,0.0011785221099853515,2639288.7053560456
43,Task 10,0.0008599472045898438,3656050.5296419
43,Task 11,0.0009398317337036133,1856554.1815365036
43,Task 12,0.0007801294326782226,2411851.516417562
43,Task 13,0.0008200550079345703,1086106.0553339215
43,Task 14,0.0005399751663208008,1488463.4698132458
43,Task 15,0.0008602285385131836,680972.9625514341
43,Task 16,0.0006999540328979493,820376.6877540417
43,Task 17,0.0007598018646240235,468261.27062763844
43,Task 18,0.0007199811935424805,711143.8154025485
43,Task 19,0.0007601499557495118,297595.33488910936
43,Task 20,0.0007902669906616211,365738.302756981
43,Task 21,0.00022004127502441405,1316.1325952981636
43,Task 22,0.0004400205612182617,83335.51006351372
43,Task 23,0.00041985034942626954,157863.58874635384
43,Task 24,0.0005600214004516602,303694.8307799989
43,Task 25,0.00018012523651123047,4544.6019156589955
44,Task 1,0.0002999067306518555,29292440.289371174
44,Task 2,0.0038213872909545897,182047315.94479233
44,Task 3,0.002349872589111328,95410390.09788558
44,Task 4,0.001619873046875,83481839.86089721
44,Task 5,0.0019003820419311523,167438881.97059992
44,Task 6,0.001399378776550293,5258823.162878103
44,Task 7,0.00153961181640625,4303212.032369867
44,Task 8,0.0010199546813964844,6242464.506405426
44,Task 9,0.001100001335144043,2694195.1076306207
44,Task 10,0.0008799600601196289,3658766.3653308162
44,Task 11,0.0009400272369384766,1662756.7888999009
44,Task 12,0.0006602764129638672,2509915.4371201494
44,Task 13,0.0007799005508422851,1163634.951254297
44,Task 14,0.0007998991012573242,1454611.4738730146
44,Task 15,0.0008200836181640625,680831.3364242307
44,Task 16,0.0005801200866699218,969291.0233263522
44,Task 17,0.0007813167572021484,492370.4690108036
44,Task 18,0.0007387447357177734,480060.5468819858
44,Task 19,0.0007199668884277344,312163.28960833565
44,Task 20,0.0006998205184936524,441287.9434489561
44,Task 21,0.00032000064849853517,1279.8906343452097
44,Task 22,0.00044014930725097654,81218.85287169358
44,Task 23,0.00041991233825683594,166674.3317349723
44,Task 24,0.0004799127578735352,342945.07471229124
44,Task 25,0.00012001991271972656,3124.9936670193265
45,Task 1,0.000400090217590332,21957547.607413147
45,Task 2,0.0040004968643188475,154135987.98029736
45,Task 3,0.0022611522674560545,69076325.47478501
45,Task 4,0.0017592096328735351,74163258.97732387
45,Task 5,0.0018796920776367188,201137625.1228941
45,Task 6,0.0013399410247802734,5023376.015924383
45,Task 7,0.0015000152587890626,4472056.192560914
45,Task 8,0.0010593938827514649,5748035.828727709
45,Task 9,0.0011600446701049805,2723850.390664637
45,Task 10,0.0008401012420654297,3821063.692590194
45,Task 11,0.0009600257873535156,1706649.30573216
45,Task 12,0.000769805908203125,2416476.1017414513
45,Task 13,0.0008401775360107422,1103405.785127364
45,Task 14,0.0007399559020996094,1523625.8868669898
45,Task 15,0.0008202075958251953,666648.7592633064
45,Task 16,0.0007599592208862305,831378.3944499504
45,Task 17,0.0008400249481201172,457046.2593218992
45,Task 18,0.0005800819396972656,518949.8440520686
45,Task 19,0.000819859504699707,312116.10487762344
45,Task 20,0.000740056037902832,336860.1800784314
45,Task 21,0.0003400897979736328,1190.4408342131853
45,Task 22,0.0005198526382446289,103433.66323611613
45,Task 23,0.000579996109008789,146366.5412331261
45,Task 24,0.0005402135848999024,324299.76610975445
45,Task 25,9.991168975830078e-05,2940.3998766159107
46,Task 1,0.0005003213882446289,17558713.67167024
46,Task 2,0.0039911651611328125,143115585.14682835
46,Task 3,0.0023406982421875,77036196.18212825
46,Task 4,0.0017605400085449218,83461108.3023741
46,Task 5,0.0018186044692993163,251023685.69896957
46,Task 6,0.001319866180419922,5035121.12094508
46,Task 7,0.0015993070602416991,4320078.435462842
46,Task 8,0.0009999895095825196,5743692.248355959
46,Task 9,0.0012004613876342774,2815345.5500814132
46,Task 10,0.0007599210739135743,3879181.1442361884
46,Task 11,0.0009612846374511719,1600693.239991771
46,Task 12,0.000738534927368164,2560026.855750478
46,Task 13,0.0008902263641357422,1066256.701952295
46,Task 14,0.0007201242446899414,1684385.4499363105
46,Task 15,0.0008202362060546875,665775.7495188396
46,Task 16,0.0006599235534667969,866580.5451892408
46,Task 17,0.0008199691772460937,431350.9636089001
46,Task 18,0.0007400083541870118,533241.3161083558
46,Task 19,0.0007599878311157226,312105.21811924473
46,Task 20,0.0007400083541870118,387923.7203387381
46,Task 21,0.0002999305725097656,1219.5580367527332
46,Task 22,0.0005598831176757813,81080.16573126019
46,Task 23,0.0005200672149658204,157897.26504413952
46,Task 24,0.00048003196716308596,324320.66292504076
46,Task 25,8.005619049072265e-05,3334.10492845787
47,Task 1,0.0005000591278076172,17567922.49451702
47,Task 2,0.004000988006591797,143060756.7243596
47,Task 3,0.002390589714050293,83451989.67829084
47,Task 4,0.001739501953125,64638456.53575413
47,Task 5,0.0019200992584228515,502856062.426918
47,Task 6,0.0014792013168334962,5022759.370158318
47,Task 7,0.0015797948837280274,4229918.6433240315
47,Task 8,0.001040191650390625,5813158.175438597
47,Task 9,0.001161656379699707,2666528.814872577
47,Task 10,0.0008182525634765625,3461327.3675014745
47,Task 11,0.0010400009155273437,1620463.5338221046
47,Task 12,0.0007399940490722657,2461084.9347220184
47,Task 13,0.0009600257873535156,1101874.8937882003
47,Task 14,0.0007400751113891601,1564309.1841491843
47,Task 15,0.0008412361145019531,615384.0736529363
47,Task 16,0.000738821029663086,864871.8199860813
47,Task 17,0.0008399724960327148,399989.2555579838
47,Task 18,0.0006999444961547852,518866.25302019913
47,Task 19,0.0008801412582397461,304314.08683822694
47,Task 20,0.0006398153305053711,346497.98763408244
47,Task 21,0.00043993473052978516,1190.5151712980046
47,Task 22,0.0005600976943969726,85721.08264243233
47,Task 23,0.00048008441925048826,136341.75068669784
47,Task 24,0.000619816780090332,375108.236013087
47,Task 25,3.996372222900391e-05,2273.06445843856
48,Task 1,0.0002999305725097656,29290111.796502385
48,Task 2,0.0038005685806274414,154100650.60249802
48,Task 3,0.0024007368087768555,91030561.24985103
48,Task 4,0.0016195249557495117,80125401.93971068
48,Task 5,0.0018195962905883788,251548087.57311687
48,Task 6,0.0014809465408325195,5287629.883179828
48,Task 7,0.001508493423461914,4212040.221581779
48,Task 8,0.0010402917861938477,6243806.224844615
48,Task 9,0.0011399030685424806,2813810.9681155775
48,Task 10,0.0008200216293334961,3457248.3603100036
48,Task 11,0.0009599018096923828,1697057.4483015863
48,Task 12,0.0006800603866577149,2460848.037036188
48,Task 13,0.0008199262619018555,1122902.4952416806
48,Task 14,0.0008200216293334961,1560934.4366201279
48,Task 15,0.0007001447677612304,666734.8613553495
48,Task 16,0.0007199668884277344,941092.8978607338
48,Task 17,0.0008399915695190429,468334.79770399706
48,Task 18,0.0006501340866088867,468280.3309860383
48,Task 19,0.0007600927352905273,365638.6675838209
48,Task 20,0.0006801414489746093,355571.90770127426
48,Task 21,0.0003799867630004883,1190.4881385566448
48,Task 22,0.0005199718475341797,92288.65434969158
48,Task 23,0.00044011592864990235,157875.4728581018
48,Task 24,0.0005000162124633789,352867.7753161895
48,Task 25,7.988929748535156e-05,2631.6706195334364
49,Task 1,0.00029995441436767576,29287783.67379382
49,Task 2,0.003950457572937011,154046968.80935794
49,Task 3,0.002520294189453125,69080868.99840495
49,Task 4,0.0017197608947753906,74200591.45486338
49,Task 5,0.0019404220581054688,143523929.2739409
49,Task 6,0.001479349136352539,5087005.65161605
49,Task 7,0.0015596389770507813,4012230.017557668
49,Task 8,0.001110067367553711,5879887.157988133
49,Task 9,0.0013001537322998046,2638601.2149330606
49,Task 10,0.0009020900726318359,3460981.5047607995
49,Task 11,0.0010779714584350586,1641405.5032407972
49,Task 12,0.0007599782943725586,2306166.3416352374
49,Task 13,0.0009799766540527343,984498.9620849257
49,Task 14,0.0006800174713134765,1418927.043799093
49,Task 15,0.0009201765060424805,593707.7415102603
49,Task 16,0.0007199239730834961,842129.3144015209
49,Task 17,0.0008599472045898438,391846.0694057884
49,Task 18,0.0007399845123291015,564691.3736764604
49,Task 19,0.0008399438858032227,278207.49423500453
49,Task 20,0.0007799863815307617,355593.1036766703
49,Task 21,0.000419926643371582,1162.8620857915982
49,Task 22,0.0005201530456542968,81082.77808565205
49,Task 23,0.0005799579620361328,142866.68672544268
49,Task 24,0.0005399417877197265,307697.67996331956
49,Task 25,0.00014001846313476562,2381.368307500142
50,Task 1,0.0005000829696655273,17567084.929678187
50,Task 2,0.00380096435546875,109798878.39836909
50,Task 3,0.0025205278396606447,80136865.23854034
50,Task 4,0.0015793132781982422,83232914.35817169
50,Task 5,0.0018599796295166015,501062496.63535845
50,Task 6,0.0015396404266357422,5287079.309514252
50,Task 7,0.0014000225067138672,4011858.088169915
50,Task 8,0.001099848747253418,6402782.867460131
50,Task 9,0.0010613203048706055,2752718.319463886
50,Task 10,0.0008585929870605468,3325451.7817434017
50,Task 11,0.000999751091003418,1828542.0325197715
50,Task 12,0.0007799911499023437,2327592.7770913267
50,Task 13,0.0008600807189941406,1206044.9556329327
50,Task 14,0.0006201410293579101,1490811.1518382763
50,Task 15,0.0007601451873779297,640159.3414193252
50,Task 16,0.0007397365570068359,820522.1303858757
50,Task 17,0.0007799053192138672,446469.7225733484
50,Task 18,0.0007600545883178711,619213.9881432954
50,Task 19,0.0007600879669189453,336777.76857741474
50,Task 20,0.0005401420593261719,346069.1479624067
50,Task 21,0.00043001651763916013,1282.2069235378276
50,Task 22,0.0007297706604003907,78941.69829668434
50,Task 23,0.0004999446868896485,157876.46328151468
50,Task 24,0.0004813480377197266,444327.5539390515
50,Task 25,4.0106773376464843e-05,2325.4920659562436
