Group,Task Number,Latency (Edge),Data Transmission Latency (Edge),Throughput (Edge)
1,Task 1,0.002274322509765625,6.7024231,3862688.7621603487
1,Task 2,0.05997405529022217,61.1328125,19021274.39551297
1,Task 3,0.050271587371826174,30.5664062,13976966.488004338
1,Task 4,0.029629735946655272,30.5664062,12883229.126237411
1,Task 5,0.02869260311126709,15.3320312,62748446.4772795
1,Task 6,0.017710041999816895,15.3320312,335078.22512172756
1,Task 7,0.0184151554107666,7.71484375,201147.4180277644
1,Task 8,0.011902337074279784,7.71484375,341278.77542362927
1,Task 9,0.012034716606140137,3.90625,178443.2029448546
1,Task 10,0.008485541343688965,3.90625,289101.5165324247
1,Task 11,0.008024764060974122,1.953125,139015.9324152796
1,Task 12,0.005768003463745117,1.953125,215083.80950931073
1,Task 13,0.006492080688476562,0.9765625,106358.96480910413
1,Task 14,0.005338711738586426,0.9765625,150844.82511560526
1,Task 15,0.004825563430786133,0.48828125,79753.12359804267
1,Task 16,0.004467272758483886,0.48828125,110956.937530071
1,Task 17,0.004373922348022461,0.29296875,59148.98757829669
1,Task 18,0.0036278438568115236,0.29296875,71927.46467740077
1,Task 19,0.005011301040649414,0.1953125,53050.799905928296
1,Task 20,0.004368014335632324,0.1953125,57305.65690528417
1,Task 21,0.001481480598449707,0.000762939453,228.62774426073665
1,Task 22,0.0042125463485717775,0.0457763672,16538.749286947925
1,Task 23,0.0028664302825927735,0.0915527344,23945.877333373934
1,Task 24,0.0031097793579101564,0.183105469,54944.874617783746
1,Task 25,0.00032026290893554687,0.000762939453,675.0004023315921
2,Task 1,0.0017840862274169922,6.7024231,4924089.354536951
2,Task 2,0.055511608123779296,61.1328125,47032516.09522903
2,Task 3,0.046255025863647464,30.5664062,25573296.279679924
2,Task 4,0.026398744583129883,30.5664062,23137036.676561784
2,Task 5,0.02550499439239502,15.3320312,90134881.60489339
2,Task 6,0.015221624374389649,15.3320312,362014.37283513957
2,Task 7,0.015032873153686524,7.71484375,218614.08163101203
2,Task 8,0.009385347366333008,7.71484375,383048.5183928812
2,Task 9,0.009438247680664062,3.90625,200744.99610659244
2,Task 10,0.006461811065673828,3.90625,336363.57553365914
2,Task 11,0.00648031234741211,1.953125,170293.46112537436
2,Task 12,0.004691257476806641,1.953125,272765.6100596977
2,Task 13,0.005340361595153808,0.9765625,135618.3947813013
2,Task 14,0.0043770503997802735,0.9765625,198086.88106025947
2,Task 15,0.004388885498046875,0.48828125,98760.67166046122
2,Task 16,0.003366870880126953,0.48828125,136423.97654874632
2,Task 17,0.00394927978515625,0.29296875,71905.24333566974
2,Task 18,0.0031490278244018554,0.29296875,87730.31263685624
2,Task 19,0.0038029098510742186,0.1953125,58329.158988978896
2,Task 20,0.003608689308166504,0.1953125,76034.99187065562
2,Task 21,0.0013907146453857422,0.000762939453,253.21072560080364
2,Task 22,0.0017036724090576172,0.0457763672,19053.499475317196
2,Task 23,0.001566634178161621,0.0915527344,31554.784283435816
2,Task 24,0.0017315959930419922,0.183105469,66506.14101271542
2,Task 25,0.00022295475006103515,0.000762939453,719.0547703785993
3,Task 1,0.001844310760498047,6.7024231,4763297.047417136
3,Task 2,0.05535763740539551,61.1328125,48535084.25330349
3,Task 3,0.04650773048400879,30.5664062,25970986.82229009
3,Task 4,0.02665131092071533,30.5664062,22945269.0168962
3,Task 5,0.025838470458984374,15.3320312,88070479.57703802
3,Task 6,0.015838780403137208,15.3320312,363021.2729787004
3,Task 7,0.015633416175842286,7.71484375,217426.21914171687
3,Task 8,0.009647212028503417,7.71484375,379418.48451965716
3,Task 9,0.009509730339050292,3.90625,198154.1441521245
3,Task 10,0.006340837478637696,3.90625,323257.2123410383
3,Task 11,0.006581740379333496,1.953125,163751.79750897115
3,Task 12,0.0046953105926513675,1.953125,265361.63944943744
3,Task 13,0.005304570198059082,0.9765625,134598.97960974462
3,Task 14,0.0042789697647094725,0.9765625,201866.07909638507
3,Task 15,0.0043007278442382816,0.48828125,97238.71850211296
3,Task 16,0.003281412124633789,0.48828125,136306.2117768448
3,Task 17,0.0035023880004882812,0.29296875,72390.40782993198
3,Task 18,0.0031192588806152346,0.29296875,89741.22770556017
3,Task 19,0.003799858093261719,0.1953125,59524.80818868025
3,Task 20,0.003559465408325195,0.1953125,78015.19293422188
3,Task 21,0.0013009929656982422,0.000762939453,285.519479812227
3,Task 22,0.0016509294509887695,0.0457763672,19235.33835965733
3,Task 23,0.0015426445007324218,0.0915527344,31580.12669283513
3,Task 24,0.001746068000793457,0.183105469,67425.85542162218
3,Task 25,0.0002281808853149414,0.000762939453,768.6436640057469
4,Task 1,0.0018115520477294921,6.7024231,4849432.844621095
4,Task 2,0.055592193603515624,61.1328125,50131891.232916765
4,Task 3,0.04670212745666504,30.5664062,26223399.89388331
4,Task 4,0.02673905372619629,30.5664062,23429369.910013914
4,Task 5,0.02603466510772705,15.3320312,87767850.78928734
4,Task 6,0.015474882125854492,15.3320312,361489.60307853617
4,Task 7,0.015106134414672852,7.71484375,216521.18545098265
4,Task 8,0.00935941219329834,7.71484375,378173.44261862413
4,Task 9,0.009379549026489258,3.90625,196660.87421575442
4,Task 10,0.006304516792297364,3.90625,330858.7398831178
4,Task 11,0.006529998779296875,1.953125,169467.57719257596
4,Task 12,0.00460752010345459,1.953125,273521.45061343146
4,Task 13,0.0052713298797607425,0.9765625,136467.11546419634
4,Task 14,0.004317021369934082,0.9765625,203029.04126829497
4,Task 15,0.004325723648071289,0.48828125,98009.20668302372
4,Task 16,0.003347001075744629,0.48828125,138903.35486982376
4,Task 17,0.003588738441467285,0.29296875,72846.89229455493
4,Task 18,0.0031682634353637695,0.29296875,88950.21986093698
4,Task 19,0.003883681297302246,0.1953125,59180.8494548982
4,Task 20,0.0035982656478881834,0.1953125,76486.38115332724
4,Task 21,0.0013793611526489258,0.000762939453,278.64945197598234
4,Task 22,0.0015983438491821288,0.0457763672,18937.819163105985
4,Task 23,0.0015277957916259766,0.0915527344,30898.518908685066
4,Task 24,0.0017099905014038087,0.183105469,66698.79977895896
4,Task 25,0.00022896766662597657,0.000762939453,724.9732951226005
5,Task 1,0.0018018484115600586,6.7024231,4875548.877274231
5,Task 2,0.055760645866394044,61.1328125,41997234.714325346
5,Task 3,0.04656442642211914,30.5664062,24709381.334807694
5,Task 4,0.02701981544494629,30.5664062,22042447.09857677
5,Task 5,0.026276912689208985,15.3320312,84771933.20325857
5,Task 6,0.01575556755065918,15.3320312,360397.5471903833
5,Task 7,0.015472335815429688,7.71484375,217161.48521474272
5,Task 8,0.009546222686767579,7.71484375,374243.85894135776
5,Task 9,0.00961646556854248,3.90625,194847.85220231014
5,Task 10,0.006566600799560547,3.90625,324964.4916654107
5,Task 11,0.006824169158935547,1.953125,165456.59495362404
5,Task 12,0.004780821800231934,1.953125,268168.89611725946
5,Task 13,0.005329694747924805,0.9765625,133105.0364478145
5,Task 14,0.004502954483032226,0.9765625,194925.81307602263
5,Task 15,0.004422168731689453,0.48828125,93784.31060167756
5,Task 16,0.003444390296936035,0.48828125,133868.19813467035
5,Task 17,0.0037888336181640626,0.29296875,72049.15443788147
5,Task 18,0.0032417821884155274,0.29296875,85277.34434069158
5,Task 19,0.003942508697509766,0.1953125,57890.147466670125
5,Task 20,0.0037279319763183594,0.1953125,74323.74903265909
5,Task 21,0.0013527393341064454,0.000762939453,263.9334689192727
5,Task 22,0.0019079351425170899,0.0457763672,18508.337856383238
5,Task 23,0.0016214084625244141,0.0915527344,30437.472484409845
5,Task 24,0.0018175840377807617,0.183105469,64378.85710484981
5,Task 25,0.00023705959320068358,0.000762939453,739.2407205047763
6,Task 1,0.0018077850341796874,6.7024231,4859537.961595274
6,Task 2,0.05579549789428711,61.1328125,50834204.20006897
6,Task 3,0.046405601501464847,30.5664062,26599897.339069925
6,Task 4,0.026646184921264648,30.5664062,23780428.829634577
6,Task 5,0.02557323455810547,15.3320312,89467088.25202735
6,Task 6,0.015373945236206055,15.3320312,360172.4289310021
6,Task 7,0.01497495174407959,7.71484375,217904.72858499212
6,Task 8,0.009030146598815918,7.71484375,379491.4742909499
6,Task 9,0.009139552116394042,3.90625,200209.32386815376
6,Task 10,0.006094431877136231,3.90625,333030.9768466107
6,Task 11,0.006358428001403809,1.953125,170952.1368582778
6,Task 12,0.004825711250305176,1.953125,283494.8438528873
6,Task 13,0.005384588241577148,0.9765625,140050.6265185582
6,Task 14,0.004227523803710938,0.9765625,210027.78040755968
6,Task 15,0.004243230819702149,0.48828125,100653.80937846607
6,Task 16,0.0031948614120483397,0.48828125,132622.93718040563
6,Task 17,0.0034959745407104493,0.29296875,71314.645200712
6,Task 18,0.0029619550704956055,0.29296875,90833.31468480987
6,Task 19,0.0037274408340454103,0.1953125,60331.38683178441
6,Task 20,0.0034936094284057618,0.1953125,80128.6713203216
6,Task 21,0.0013320064544677735,0.000762939453,286.0432730144484
6,Task 22,0.0015762615203857421,0.0457763672,20256.89065903372
6,Task 23,0.0015061712265014649,0.0915527344,32193.669958206527
6,Task 24,0.0016847467422485352,0.183105469,68696.86063033072
6,Task 25,0.00022461891174316406,0.000762939453,750.7471128580736
7,Task 1,0.001785874366760254,6.7024231,4919159.020092117
7,Task 2,0.05530087947845459,61.1328125,50087511.38798309
7,Task 3,0.04607417583465576,30.5664062,26835914.940480184
7,Task 4,0.026216154098510743,30.5664062,24233245.67094011
7,Task 5,0.02538710117340088,15.3320312,91693935.40751055
7,Task 6,0.01522371768951416,15.3320312,363393.8590041677
7,Task 7,0.014859342575073242,7.71484375,219472.184077442
7,Task 8,0.009074678421020508,7.71484375,385716.3778486651
7,Task 9,0.009155907630920411,3.90625,201677.2204525831
7,Task 10,0.0061427831649780275,3.90625,336317.3243501861
7,Task 11,0.006383910179138184,1.953125,172282.1845627569
7,Task 12,0.004607024192810058,1.953125,282103.66045258834
7,Task 13,0.0052172279357910155,0.9765625,139800.4492397141
7,Task 14,0.004344654083251953,0.9765625,208374.60245995488
7,Task 15,0.0044317483901977536,0.48828125,100252.03708088494
7,Task 16,0.003473372459411621,0.48828125,138918.30674534215
7,Task 17,0.0037045192718505857,0.29296875,73602.3046579389
7,Task 18,0.003026847839355469,0.29296875,88384.48185789232
7,Task 19,0.004070553779602051,0.1953125,57765.01223901314
7,Task 20,0.003772525787353516,0.1953125,73703.58433813506
7,Task 21,0.001481790542602539,0.000762939453,269.940558171385
7,Task 22,0.0015997600555419922,0.0457763672,19822.601988733033
7,Task 23,0.001492924690246582,0.0915527344,29480.018321175838
7,Task 24,0.0016532659530639649,0.183105469,63617.85539135139
7,Task 25,0.00021916389465332031,0.000762939453,674.8592133970923
8,Task 1,0.0018133401870727539,6.7024231,4844650.806631869
8,Task 2,0.0551653003692627,61.1328125,48978718.48295923
8,Task 3,0.04615532398223877,30.5664062,26103150.1773964
8,Task 4,0.026642017364501953,30.5664062,23535163.32762837
8,Task 5,0.025716195106506346,15.3320312,89459491.8106559
8,Task 6,0.015426826477050782,15.3320312,364286.96781278105
8,Task 7,0.014893364906311036,7.71484375,219086.31827373247
8,Task 8,0.009099254608154297,7.71484375,379550.8373728978
8,Task 9,0.009181499481201172,3.90625,199096.32738416307
8,Task 10,0.006269478797912597,3.90625,331889.38811340113
8,Task 11,0.006476449966430664,1.953125,171888.62396806007
8,Task 12,0.004877967834472656,1.953125,281341.7263548001
8,Task 13,0.0055894279479980465,0.9765625,139410.7795377824
8,Task 14,0.004802231788635254,0.9765625,204163.701841718
8,Task 15,0.0045744991302490235,0.48828125,98819.56987505614
8,Task 16,0.0033839941024780273,0.48828125,131202.1771601511
8,Task 17,0.0037546014785766603,0.29296875,68701.12712295298
8,Task 18,0.0031407737731933595,0.29296875,79962.82080943222
8,Task 19,0.004032764434814453,0.1953125,55962.41090247274
8,Task 20,0.0036845111846923826,0.1953125,75650.25004403424
8,Task 21,0.0013919496536254883,0.000762939453,266.33985143453685
8,Task 22,0.0016359758377075195,0.0457763672,19103.57266483266
8,Task 23,0.0015348339080810548,0.0915527344,29756.263213405666
8,Task 24,0.0017023038864135741,0.183105469,65137.54144568771
8,Task 25,0.0002246379852294922,0.000762939453,718.4167885637158
9,Task 1,0.0017604827880859375,6.7024231,4990108.429035753
9,Task 2,0.05482339859008789,61.1328125,47796922.23954126
9,Task 3,0.0465041446685791,30.5664062,26846032.9321247
9,Task 4,0.026534876823425292,30.5664062,23681564.896615483
9,Task 5,0.025803275108337402,15.3320312,89425323.7820404
9,Task 6,0.015469107627868652,15.3320312,366558.81460864726
9,Task 7,0.014964656829833984,7.71484375,217442.98432032563
9,Task 8,0.009107556343078613,7.71484375,381083.35935718426
9,Task 9,0.008984537124633788,3.90625,198424.423973438
9,Task 10,0.005958466529846191,3.90625,330982.2468864313
9,Task 11,0.006111912727355957,1.953125,171069.74313612777
9,Task 12,0.004487786293029785,1.953125,281085.2772758853
9,Task 13,0.005267782211303711,0.9765625,142466.9943753138
9,Task 14,0.004261026382446289,0.9765625,214820.3725888918
9,Task 15,0.004211750030517578,0.48828125,104713.53707906544
9,Task 16,0.0031996965408325195,0.48828125,142609.28622960887
9,Task 17,0.0034881353378295897,0.29296875,72895.95214775683
9,Task 18,0.0029791116714477537,0.29296875,90119.1322311275
9,Task 19,0.0037461137771606446,0.1953125,60782.33469343393
9,Task 20,0.0034822750091552733,0.1953125,80007.58719868858
9,Task 21,0.001263432502746582,0.000762939453,286.68612400292545
9,Task 22,0.0016764259338378905,0.0457763672,20140.23192720463
9,Task 23,0.0014923620223999024,0.0915527344,32033.196837644806
9,Task 24,0.0016917800903320313,0.183105469,68920.46129872407
9,Task 25,0.00022472381591796874,0.000762939453,791.4945973180959
10,Task 1,0.0017656564712524414,6.7024231,4975486.536046559
10,Task 2,0.055603737831115725,61.1328125,47399201.02447803
10,Task 3,0.04652003765106201,30.5664062,26323880.24525423
10,Task 4,0.026668086051940917,30.5664062,23449837.21036679
10,Task 5,0.02573844909667969,15.3320312,89695582.92257267
10,Task 6,0.01573777198791504,15.3320312,361414.5520403185
10,Task 7,0.015373826026916504,7.71484375,217368.69767492873
10,Task 8,0.009619526863098145,7.71484375,379179.8174156575
10,Task 9,0.009645886421203613,3.90625,198924.18462231627
10,Task 10,0.006411457061767578,3.90625,325331.9468557318
10,Task 11,0.006512079238891601,1.953125,166516.779591362
10,Task 12,0.004929118156433106,1.953125,266125.3548571624
10,Task 13,0.0053072357177734375,0.9765625,132699.05368015743
10,Task 14,0.00434380054473877,0.9765625,199642.60661321753
10,Task 15,0.004301934242248535,0.48828125,98278.90240919922
10,Task 16,0.0033624267578125,0.48828125,129840.66920057927
10,Task 17,0.0035815525054931643,0.29296875,72354.05028535285
10,Task 18,0.0031068086624145507,0.29296875,88401.84903634732
10,Task 19,0.004025368690490722,0.1953125,59508.115555526
10,Task 20,0.003692784309387207,0.1953125,76135.48738428026
10,Task 21,0.001314268112182617,0.000762939453,279.20852715861673
10,Task 22,0.0016904926300048827,0.0457763672,19312.422012293857
10,Task 23,0.0015219640731811523,0.0915527344,29810.93391109253
10,Task 24,0.0017084980010986328,0.183105469,64991.61063642691
10,Task 25,0.00022404670715332032,0.000762939453,760.8797556073173
11,Task 1,0.0018463373184204102,6.7024231,4758068.805929676
11,Task 2,0.05591956615447998,61.1328125,43934019.58147269
11,Task 3,0.04640439987182617,30.5664062,25087725.4298221
11,Task 4,0.026616849899291993,30.5664062,22215720.09878319
11,Task 5,0.025768423080444337,15.3320312,83152865.04745181
11,Task 6,0.015574822425842285,15.3320312,359373.3174625142
11,Task 7,0.015318355560302734,7.71484375,217910.3711701995
11,Task 8,0.00938868522644043,7.71484375,379909.720280948
11,Task 9,0.00923013210296631,3.90625,198692.79482164237
11,Task 10,0.006133732795715332,3.90625,328735.69020631135
11,Task 11,0.006316723823547363,1.953125,167119.76621264737
11,Task 12,0.0045598697662353515,1.953125,272668.6365829503
11,Task 13,0.005347418785095215,0.9765625,138676.23840276818
11,Task 14,0.004360933303833008,0.9765625,208682.0607663466
11,Task 15,0.004440078735351563,0.48828125,101318.34442630215
11,Task 16,0.003311152458190918,0.48828125,140354.88573358682
11,Task 17,0.0036667251586914064,0.29296875,71810.347278264
11,Task 18,0.003134398460388184,0.29296875,88054.54549430651
11,Task 19,0.004002537727355957,0.1953125,57656.63522174682
11,Task 20,0.003582453727722168,0.1953125,77314.4707869683
11,Task 21,0.0013409662246704102,0.000762939453,272.7229221502065
11,Task 22,0.0018238258361816407,0.0457763672,19142.42900456543
11,Task 23,0.0015969562530517578,0.0915527344,29980.979112287092
11,Task 24,0.0018034076690673828,0.183105469,66993.18909349856
11,Task 25,0.00024167537689208984,0.000762939453,745.7309375900093
12,Task 1,0.0017905235290527344,6.7024231,4906386.23701731
12,Task 2,0.055401058197021485,61.1328125,53066735.970239274
12,Task 3,0.046085634231567384,30.5664062,27334607.901046596
12,Task 4,0.026473374366760255,30.5664062,24631365.663376436
12,Task 5,0.025534491539001464,15.3320312,94422114.5135995
12,Task 6,0.015326104164123534,15.3320312,362736.75366512075
12,Task 7,0.015045418739318847,7.71484375,219417.616109828
12,Task 8,0.009226388931274414,7.71484375,381968.68521213304
12,Task 9,0.009224729537963867,3.90625,200513.09783003494
12,Task 10,0.006274361610412598,3.90625,334070.54690292856
12,Task 11,0.006567592620849609,1.953125,170151.46233915316
12,Task 12,0.004647793769836425,1.953125,277464.99947801296
12,Task 13,0.00515571117401123,0.9765625,138757.4556773974
12,Task 14,0.0042240190505981445,0.9765625,204004.8182552596
12,Task 15,0.004255590438842774,0.48828125,97448.18793544584
12,Task 16,0.0033433151245117186,0.48828125,137699.74135976436
12,Task 17,0.003483572006225586,0.29296875,74480.51045521263
12,Task 18,0.003043198585510254,0.29296875,90908.68090323207
12,Task 19,0.003706851005554199,0.1953125,60156.16485631881
12,Task 20,0.0034419727325439454,0.1953125,76570.70616021816
12,Task 21,0.00131683349609375,0.000762939453,287.0616706681742
12,Task 22,0.0015099477767944337,0.0457763672,19716.097492185112
12,Task 23,0.0014656877517700195,0.0915527344,32372.49077996303
12,Task 24,0.0016265439987182618,0.183105469,69727.45534291818
12,Task 25,0.0002128314971923828,0.000762939453,759.3974507531866
13,Task 1,0.001776576042175293,6.7024231,4944905.138562705
13,Task 2,0.05547800064086914,61.1328125,50559661.1684283
13,Task 3,0.04614576816558838,30.5664062,26411427.64168351
13,Task 4,0.026490206718444823,30.5664062,23521393.06174554
13,Task 5,0.025601429939270018,15.3320312,88321492.5330595
13,Task 6,0.0153169584274292,15.3320312,362233.67403034744
13,Task 7,0.01498227596282959,7.71484375,219131.6864357819
13,Task 8,0.009070959091186524,7.71484375,381725.97546998877
13,Task 9,0.009143071174621582,3.90625,199988.82922341907
13,Task 10,0.00619211196899414,3.90625,334270.0200081004
13,Task 11,0.0063263893127441405,1.953125,170868.56538694486
13,Task 12,0.004602322578430176,1.953125,282219.3303117565
13,Task 13,0.0052088403701782224,0.9765625,139996.72271532737
13,Task 14,0.004360313415527344,0.9765625,206714.60826441192
13,Task 15,0.004289140701293945,0.48828125,101163.54975353122
13,Task 16,0.003484930992126465,0.48828125,139060.2221147002
13,Task 17,0.0037424564361572266,0.29296875,73720.82319866933
13,Task 18,0.0032734012603759764,0.29296875,88067.06385659169
13,Task 19,0.003930697441101074,0.1953125,59685.61486518036
13,Task 20,0.0035626220703125,0.1953125,73459.13034673658
13,Task 21,0.0013411617279052734,0.000762939453,267.2041791425113
13,Task 22,0.0015848207473754883,0.0457763672,18329.558531760485
13,Task 23,0.0015169191360473633,0.0915527344,30528.933299527976
13,Task 24,0.0017033004760742187,0.183105469,67366.11272914169
13,Task 25,0.00022753238677978516,0.000762939453,745.6222312292454
14,Task 1,0.0017936944961547852,6.7024231,4897712.525088725
14,Task 2,0.055598278045654294,61.1328125,48998141.27766778
14,Task 3,0.046390867233276366,30.5664062,26147422.682388674
14,Task 4,0.026583824157714844,30.5664062,23272128.865425415
14,Task 5,0.02593857765197754,15.3320312,88195807.45422204
14,Task 6,0.015694923400878906,15.3320312,361450.0431739676
14,Task 7,0.015283117294311524,7.71484375,217973.93761043163
14,Task 8,0.009433951377868652,7.71484375,380381.6915131608
14,Task 9,0.009413847923278809,3.90625,197389.38922156568
14,Task 10,0.006384401321411133,3.90625,326220.133047179
14,Task 11,0.006315774917602539,1.953125,167505.0940656491
14,Task 12,0.004769473075866699,1.953125,271360.31313512695
14,Task 13,0.005552053451538086,0.9765625,135969.90417008783
14,Task 14,0.004432401657104492,0.9765625,200488.6496886264
14,Task 15,0.004345974922180176,0.48828125,101333.56687811529
14,Task 16,0.003459353446960449,0.48828125,134186.73086517016
14,Task 17,0.0036010122299194335,0.29296875,69163.59926139048
14,Task 18,0.003069038391113281,0.29296875,86634.74786507765
14,Task 19,0.003849925994873047,0.1953125,58905.07989208013
14,Task 20,0.0036353588104248045,0.1953125,74002.2677431049
14,Task 21,0.0013408565521240234,0.000762939453,277.6996955720901
14,Task 22,0.0016353273391723634,0.0457763672,19550.097572495742
14,Task 23,0.0015322351455688476,0.0915527344,31169.4303110772
14,Task 24,0.0017215442657470704,0.183105469,66018.24263172393
14,Task 25,0.0002278566360473633,0.000762939453,745.7919330862951
15,Task 1,0.0017886877059936524,6.7024231,4911421.915945777
15,Task 2,0.05525923728942871,61.1328125,48188795.78794023
15,Task 3,0.046130495071411134,30.5664062,25658970.141395632
15,Task 4,0.026710753440856935,30.5664062,22934433.66398253
15,Task 5,0.025787105560302736,15.3320312,88345561.36173066
15,Task 6,0.015412263870239258,15.3320312,363667.70490776276
15,Task 7,0.015003442764282227,7.71484375,219204.23755145867
15,Task 8,0.009164113998413086,7.71484375,378574.1208083117
15,Task 9,0.009231023788452149,3.90625,198548.8440347429
15,Task 10,0.006160788536071778,3.90625,332202.98089280754
15,Task 11,0.006359853744506836,1.953125,170627.50464809546
15,Task 12,0.004571352005004883,1.953125,279350.51882192923
15,Task 13,0.005239953994750976,0.9765625,138662.84275003796
15,Task 14,0.00424196720123291,0.9765625,207765.61190268502
15,Task 15,0.0042563056945800785,0.48828125,100631.2449484839
15,Task 16,0.0033020257949829103,0.48828125,140002.34488599974
15,Task 17,0.0035229969024658204,0.29296875,73283.08614630293
15,Task 18,0.003007211685180664,0.29296875,90524.03797190888
15,Task 19,0.0038460350036621095,0.1953125,60146.05584509282
15,Task 20,0.003709840774536133,0.1953125,77528.16479779345
15,Task 21,0.0013313007354736328,0.000762939453,283.84924190540124
15,Task 22,0.0016627931594848633,0.0457763672,19952.037395862735
15,Task 23,0.0015614032745361328,0.0915527344,31200.964080082125
15,Task 24,0.0017468929290771484,0.183105469,64692.803434403155
15,Task 25,0.00022747039794921876,0.000762939453,751.1450819143678
16,Task 1,0.0017730474472045898,6.7024231,4954746.142778383
16,Task 2,0.05529445171356201,61.1328125,49717770.53572749
16,Task 3,0.04656867027282715,30.5664062,26266439.202568486
16,Task 4,0.026395416259765624,30.5664062,23364152.95596365
16,Task 5,0.025580925941467283,15.3320312,88490250.26666106
16,Task 6,0.015298542976379394,15.3320312,363436.1021265191
16,Task 7,0.015101280212402344,7.71484375,217141.69506575668
16,Task 8,0.009113001823425292,7.71484375,383096.8187993179
16,Task 9,0.009241046905517579,3.90625,200149.12719403795
16,Task 10,0.006146793365478516,3.90625,334672.3938289525
16,Task 11,0.006309266090393066,1.953125,169522.05137532175
16,Task 12,0.0047586154937744145,1.953125,280917.3145800794
16,Task 13,0.005327687263488769,0.9765625,138512.44486549968
16,Task 14,0.004379453659057617,0.9765625,208238.65776726895
16,Task 15,0.004312973022460937,0.48828125,101438.10561017694
16,Task 16,0.0033344364166259764,0.48828125,134492.90047437054
16,Task 17,0.003537788391113281,0.29296875,72076.30271986769
16,Task 18,0.003053164482116699,0.29296875,87682.16994505891
16,Task 19,0.0039421463012695316,0.1953125,59355.80831756028
16,Task 20,0.0036014652252197264,0.1953125,76774.59336862668
16,Task 21,0.0014036035537719727,0.000762939453,282.6624685953354
16,Task 22,0.00161165714263916,0.0457763672,19651.74177527546
16,Task 23,0.0015252923965454101,0.0915527344,30440.27056057131
16,Task 24,0.0017147636413574218,0.183105469,66639.54390545518
16,Task 25,0.0002270984649658203,0.000762939453,712.4518866546404
17,Task 1,0.0017900705337524415,6.7024231,4907627.847258294
17,Task 2,0.05552750587463379,61.1328125,50217135.28335943
17,Task 3,0.04666299343109131,30.5664062,25990187.278402112
17,Task 4,0.026966452598571777,30.5664062,23037184.474495225
17,Task 5,0.02608964443206787,15.3320312,89661234.3460131
17,Task 6,0.0157737398147583,15.3320312,361910.7266472832
17,Task 7,0.015390753746032715,7.71484375,216702.7714356282
17,Task 8,0.009073572158813476,7.71484375,374984.4353103961
17,Task 9,0.009222307205200196,3.90625,196246.44610743696
17,Task 10,0.006192946434020996,3.90625,324590.1137033845
17,Task 11,0.00631382942199707,1.953125,166333.6339625272
17,Task 12,0.004644784927368164,1.953125,282138.0549129576
17,Task 13,0.005442724227905273,0.9765625,138793.90173407414
17,Task 14,0.004268975257873535,0.9765625,206686.75462269638
17,Task 15,0.004363141059875488,0.48828125,101364.79103636718
17,Task 16,0.003340392112731934,0.48828125,137788.94179340138
17,Task 17,0.0037024259567260743,0.29296875,70552.90400920957
17,Task 18,0.0030443668365478516,0.29296875,89951.32948867882
17,Task 19,0.0037507534027099608,0.1953125,58673.32650650207
17,Task 20,0.003611888885498047,0.1953125,76637.70939473057
17,Task 21,0.001375584602355957,0.000762939453,270.09317990096014
17,Task 22,0.0015956306457519532,0.0457763672,19708.531599968675
17,Task 23,0.0015415048599243164,0.0915527344,31993.57225492315
17,Task 24,0.0017391014099121093,0.183105469,66447.22681354196
17,Task 25,0.00022413253784179688,0.000762939453,726.9636475192474
18,Task 1,0.0018054962158203125,6.7024231,4865698.373124868
18,Task 2,0.05566272735595703,61.1328125,49728658.2294364
18,Task 3,0.0471030330657959,30.5664062,26403874.689829424
18,Task 4,0.026922755241394043,30.5664062,23566321.12799311
18,Task 5,0.025987491607666016,15.3320312,86393273.32212701
18,Task 6,0.015718746185302734,15.3320312,361031.53680358286
18,Task 7,0.015451221466064454,7.71484375,214678.31988388192
18,Task 8,0.009315552711486817,7.71484375,375593.0590808434
18,Task 9,0.00933058261871338,3.90625,197017.8606422198
18,Task 10,0.006390066146850586,3.90625,325725.72517185105
18,Task 11,0.0066494131088256836,1.953125,165682.69412373207
18,Task 12,0.004812569618225098,1.953125,274809.2442054798
18,Task 13,0.005514416694641113,0.9765625,137183.2877223376
18,Task 14,0.004523057937622071,0.9765625,200310.9155029423
18,Task 15,0.004468016624450684,0.48828125,96249.0959014918
18,Task 16,0.0033257150650024413,0.48828125,132985.08920812985
18,Task 17,0.0038282203674316405,0.29296875,69635.65164982356
18,Task 18,0.0033803510665893553,0.29296875,84898.31554133976
18,Task 19,0.003917412757873535,0.1953125,57296.1162675785
18,Task 20,0.0037534427642822265,0.1953125,76975.92698002589
18,Task 21,0.0013862943649291992,0.000762939453,261.21798225291343
18,Task 22,0.0016113042831420899,0.0457763672,17749.63570885485
18,Task 23,0.001517353057861328,0.0915527344,30632.46265250304
18,Task 24,0.0017000532150268555,0.183105469,63941.297382723074
18,Task 25,0.00023261070251464843,0.000762939453,721.3475184623376
19,Task 1,0.0018085241317749023,6.7024231,4857551.9926174935
19,Task 2,0.05504397392272949,61.1328125,49861162.92531237
19,Task 3,0.04627884387969971,30.5664062,26024803.61533482
19,Task 4,0.026254334449768067,30.5664062,23672690.773543708
19,Task 5,0.025356078147888185,15.3320312,93103801.06923518
19,Task 6,0.015113987922668458,15.3320312,365089.91934722377
19,Task 7,0.01484381675720215,7.71484375,218501.569016845
19,Task 8,0.009028735160827637,7.71484375,385155.4500209138
19,Task 9,0.009043159484863282,3.90625,201923.9714492845
19,Task 10,0.006015543937683106,3.90625,338759.0374027529
19,Task 11,0.006201915740966797,1.953125,172462.38227495636
19,Task 12,0.004676218032836914,1.953125,283539.16184261325
19,Task 13,0.0053644561767578125,0.9765625,141543.45084176646
19,Task 14,0.00442685604095459,0.9765625,212782.08808046603
19,Task 15,0.004284062385559082,0.48828125,103193.92051273376
19,Task 16,0.003233170509338379,0.48828125,136862.7372602924
19,Task 17,0.0034879970550537108,0.29296875,71582.27923712542
19,Task 18,0.0030577659606933595,0.29296875,86743.27704525845
19,Task 19,0.0037385177612304686,0.1953125,59756.36602840724
19,Task 20,0.003513760566711426,0.1953125,79179.24503535901
19,Task 21,0.0012853145599365234,0.000762939453,286.697489767405
19,Task 22,0.0016070222854614258,0.0457763672,19622.168855066586
19,Task 23,0.0015394544601440429,0.0915527344,32098.28270563146
19,Task 24,0.0016924142837524414,0.183105469,68302.88958038457
19,Task 25,0.00021584510803222657,0.000762939453,778.0196624002967
20,Task 1,0.0017670154571533202,6.7024231,4971659.961680654
20,Task 2,0.055514864921569824,61.1328125,50386229.72848982
20,Task 3,0.04641574859619141,30.5664062,26466920.476037472
20,Task 4,0.026683716773986815,30.5664062,23773565.57740246
20,Task 5,0.0260825777053833,15.3320312,91415484.34341244
20,Task 6,0.015517716407775878,15.3320312,361993.13514301414
20,Task 7,0.015014581680297852,7.71484375,217857.09173781867
20,Task 8,0.00913179874420166,7.71484375,378957.7023939145
20,Task 9,0.009311952590942384,3.90625,196299.61646556354
20,Task 10,0.0061328125,3.90625,329945.4549533064
20,Task 11,0.006233000755310058,1.953125,170500.9206722845
20,Task 12,0.004492998123168945,1.953125,280339.07357249863
20,Task 13,0.00516355037689209,0.9765625,137457.7444955035
20,Task 14,0.0042647504806518554,0.9765625,208713.37579617833
20,Task 15,0.004435253143310547,0.48828125,102679.2752198477
20,Task 16,0.0033342695236206056,0.48828125,142443.86097107985
20,Task 17,0.0035814332962036135,0.29296875,74367.4355765901
20,Task 18,0.0029815196990966796,0.29296875,90040.43770957185
20,Task 19,0.003847532272338867,0.1953125,57719.366116928635
20,Task 20,0.003540182113647461,0.1953125,76778.43623211826
20,Task 21,0.0013072061538696288,0.000762939453,279.21782071441027
20,Task 22,0.0015902757644653321,0.0457763672,20123.965646840566
20,Task 23,0.0015137386322021484,0.0915527344,31188.822212803298
20,Task 24,0.0016852331161499024,0.183105469,67793.1225839473
20,Task 25,0.00021983146667480468,0.000762939453,764.9902787251816
21,Task 1,0.0017893075942993163,6.7024231,4909720.401337793
21,Task 2,0.05552120208740234,61.1328125,50445371.69137292
21,Task 3,0.04644233703613281,30.5664062,26235272.83650318
21,Task 4,0.026587214469909668,30.5664062,23327955.612072077
21,Task 5,0.02592123508453369,15.3320312,92769743.09802109
21,Task 6,0.015606036186218262,15.3320312,361951.8174041795
21,Task 7,0.015146942138671874,7.71484375,217732.36760528907
21,Task 8,0.00912543773651123,7.71484375,380333.18651881913
21,Task 9,0.009069595336914062,3.90625,197521.45232674226
21,Task 10,0.00608515739440918,3.90625,328078.18326869496
21,Task 11,0.006332616806030273,1.953125,169011.01070849327
21,Task 12,0.004741153717041016,1.953125,280534.48765064066
21,Task 13,0.005460495948791504,0.9765625,141130.88318177612
21,Task 14,0.00453885555267334,0.9765625,210347.88700387886
21,Task 15,0.004506006240844727,0.48828125,101064.06555194625
21,Task 16,0.003389244079589844,0.48828125,134988.24087893698
21,Task 17,0.0035444974899291994,0.29296875,70323.28264706166
21,Task 18,0.0031326484680175783,0.29296875,84602.82455427072
21,Task 19,0.003987436294555664,0.1953125,56813.059351646276
21,Task 20,0.0036401939392089844,0.1953125,75533.06695780387
21,Task 21,0.0013711929321289062,0.000762939453,282.12743917614534
21,Task 22,0.0015884113311767578,0.0457763672,19153.122545527607
21,Task 23,0.0015271043777465821,0.0915527344,30094.524685910266
21,Task 24,0.0017174243927001952,0.183105469,65930.55315403115
21,Task 25,0.00021662235260009767,0.000762939453,729.2919738489359
22,Task 1,0.001789999008178711,6.7024231,4907823.948426969
22,Task 2,0.05580492496490479,61.1328125,47790669.26494093
22,Task 3,0.046538567543029784,30.5664062,26057168.55783604
22,Task 4,0.027039446830749513,30.5664062,22895373.72518564
22,Task 5,0.026329345703125,15.3320312,87873992.06005004
22,Task 6,0.01580173969268799,15.3320312,360111.5853598619
22,Task 7,0.015476646423339844,7.71484375,217282.14970627095
22,Task 8,0.00964097023010254,7.71484375,373972.14755519846
22,Task 9,0.009692282676696777,3.90625,194459.82660299505
22,Task 10,0.006460576057434082,3.90625,324014.9565537522
22,Task 11,0.006599750518798828,1.953125,165410.5114231559
22,Task 12,0.004829316139221191,1.953125,265533.44102305896
22,Task 13,0.005306553840637207,0.9765625,132063.83291703954
22,Task 14,0.004416589736938477,0.9765625,198124.74748704868
22,Task 15,0.00433985710144043,0.48828125,96973.36258045124
22,Task 16,0.0033205556869506836,0.48828125,132523.93952888137
22,Task 17,0.003555903434753418,0.29296875,72363.34757585153
22,Task 18,0.0030447673797607423,0.29296875,86944.91063736065
22,Task 19,0.0038543653488159178,0.1953125,58988.11735414785
22,Task 20,0.00350069522857666,0.1953125,77095.52982533736
22,Task 21,0.0012862014770507813,0.000762939453,281.222484903993
22,Task 22,0.001676645278930664,0.0457763672,19705.93891633022
22,Task 23,0.0015375423431396485,0.0915527344,31133.5302028036
22,Task 24,0.001749873161315918,0.183105469,68557.81047171624
22,Task 25,0.00022869110107421876,0.000762939453,777.4831687279413
23,Task 1,0.0017628431320190429,6.7024231,4983426.965471538
23,Task 2,0.055813264846801755,61.1328125,52402477.12030636
23,Task 3,0.04663282871246338,30.5664062,26637340.24722357
23,Task 4,0.026761698722839355,30.5664062,23893092.221549205
23,Task 5,0.026066970825195313,15.3320312,91152517.77225046
23,Task 6,0.015671634674072267,15.3320312,360057.77578430896
23,Task 7,0.015180702209472657,7.71484375,216842.9468937063
23,Task 8,0.009242262840270996,7.71484375,377853.44288963504
23,Task 9,0.009375896453857422,3.90625,196417.14544949
23,Task 10,0.006302838325500488,3.90625,326704.9102714676
23,Task 11,0.006652717590332031,1.953125,168635.1503820803
23,Task 12,0.005140419006347656,1.953125,276988.4436574774
23,Task 13,0.005484957695007325,0.9765625,136520.2790260534
23,Task 14,0.004537630081176758,0.9765625,203083.1085768584
23,Task 15,0.004321727752685547,0.48828125,96201.28786619035
23,Task 16,0.0032419443130493166,0.48828125,124503.46931051627
23,Task 17,0.003647322654724121,0.29296875,70009.65574438896
23,Task 18,0.0030799150466918946,0.29296875,84625.67312239257
23,Task 19,0.0038589715957641603,0.1953125,59235.568423050274
23,Task 20,0.0035321378707885744,0.1953125,78964.95907396103
23,Task 21,0.0013158655166625977,0.000762939453,274.1737144381154
23,Task 22,0.001529088020324707,0.0457763672,19481.05681176024
23,Task 23,0.001504054069519043,0.0915527344,31096.3677814367
23,Task 24,0.0016768026351928712,0.183105469,67947.51756007144
23,Task 25,0.00022046566009521485,0.000762939453,759.9560801139307
24,Task 1,0.0017910480499267578,6.7024231,4904949.367695216
24,Task 2,0.055655016899108886,61.1328125,37680727.47853502
24,Task 3,0.046498780250549314,30.5664062,23979558.86215941
24,Task 4,0.026554799079895018,30.5664062,21643503.681855533
24,Task 5,0.025900402069091798,15.3320312,89867721.32378028
24,Task 6,0.0157827091217041,15.3320312,361081.5541827958
24,Task 7,0.015302205085754394,7.71484375,217468.07003352614
24,Task 8,0.009549074172973633,7.71484375,380797.4584773238
24,Task 9,0.009580693244934081,3.90625,197680.32891311534
24,Task 10,0.006388092041015625,3.90625,324405.6492784922
24,Task 11,0.0066630315780639646,1.953125,167296.1501727117
24,Task 12,0.00473942756652832,1.953125,268088.8171594129
24,Task 13,0.005295567512512207,0.9765625,133602.02307665127
24,Task 14,0.004479513168334961,0.9765625,200372.81738922728
24,Task 15,0.004301929473876953,0.48828125,96052.37383340765
24,Task 16,0.0033418989181518556,0.48828125,135037.40504864528
24,Task 17,0.003676161766052246,0.29296875,72513.47454124536
24,Task 18,0.003063607215881348,0.29296875,85723.6011079153
24,Task 19,0.0038443994522094726,0.1953125,59508.181515883756
24,Task 20,0.0035893058776855467,0.1953125,76603.15475417602
24,Task 21,0.0012927865982055664,0.000762939453,272.0228498197671
24,Task 22,0.0021264982223510743,0.0457763672,19584.756064343914
24,Task 23,0.0016707563400268554,0.0915527344,31214.238138295696
24,Task 24,0.0018510866165161134,0.183105469,66865.29601504919
24,Task 25,0.0002236175537109375,0.000762939453,773.5228701999506
25,Task 1,0.0017800569534301759,6.7024231,4935235.349111316
25,Task 2,0.05539517879486084,61.1328125,50706581.046355136
25,Task 3,0.046643118858337405,30.5664062,26936057.61897892
25,Task 4,0.026478452682495116,30.5664062,24248772.046765737
25,Task 5,0.025809535980224608,15.3320312,90432733.06868657
25,Task 6,0.015597505569458008,15.3320312,362775.2529587351
25,Task 7,0.01520571231842041,7.71484375,216795.10820688808
25,Task 8,0.009135689735412598,7.71484375,381895.42724620894
25,Task 9,0.009297847747802734,3.90625,198376.29021780821
25,Task 10,0.006153559684753418,3.90625,328257.6163989735
25,Task 11,0.006364588737487793,1.953125,168357.78202240355
25,Task 12,0.004608592987060547,1.953125,280219.67406321754
25,Task 13,0.0052176713943481445,0.9765625,137666.2680137443
25,Task 14,0.004341502189636231,0.9765625,208009.68310609495
25,Task 15,0.004533109664916993,0.48828125,100556.3794295715
25,Task 16,0.0034037351608276365,0.48828125,138871.01807361055
25,Task 17,0.0037233686447143556,0.29296875,73596.04907582993
25,Task 18,0.0031059741973876952,0.29296875,88448.64823900386
25,Task 19,0.00382692813873291,0.1953125,56473.37455373203
25,Task 20,0.003582315444946289,0.1953125,75211.49205326311
25,Task 21,0.001311497688293457,0.000762939453,268.5739972107212
25,Task 22,0.0015802288055419922,0.0457763672,19317.610574635
25,Task 23,0.0014873743057250977,0.0915527344,31356.742444537205
25,Task 24,0.0016522073745727538,0.183105469,66995.7751315779
25,Task 25,0.00022222042083740233,0.000762939453,762.4870473856625
26,Task 1,0.0018191337585449219,6.7024231,4829221.577981652
26,Task 2,0.055602951049804686,61.1328125,25213413.81511329
26,Task 3,0.04636946201324463,30.5664062,16985223.944188718
26,Task 4,0.026631484031677245,30.5664062,15419199.556621589
26,Task 5,0.025799059867858888,15.3320312,64104720.794609316
26,Task 6,0.015593476295471191,15.3320312,361419.66605332884
26,Task 7,0.015509400367736816,7.71484375,218074.55943982452
26,Task 8,0.009839134216308594,7.71484375,379700.9580079022
26,Task 9,0.00986943244934082,3.90625,198456.84401773973
26,Task 10,0.006769642829895019,3.90625,328342.4364769131
26,Task 11,0.006552286148071289,1.953125,165061.18478477089
26,Task 12,0.004852390289306641,1.953125,260185.49434529926
26,Task 13,0.005531144142150879,0.9765625,129693.37462616619
26,Task 14,0.004380145072937012,0.9765625,189079.399336619
26,Task 15,0.0043301725387573245,0.48828125,97675.83184510165
26,Task 16,0.0033011770248413085,0.48828125,131893.7599496865
26,Task 17,0.003624229431152344,0.29296875,69425.0574801826
26,Task 18,0.003183622360229492,0.29296875,87668.32915479603
26,Task 19,0.003832106590270996,0.1953125,59120.04607406868
26,Task 20,0.0035483264923095704,0.1953125,77548.0981703204
26,Task 21,0.0012930822372436523,0.000762939453,275.9207216310377
26,Task 22,0.003177990913391113,0.0457763672,18846.456398074453
26,Task 23,0.0023587560653686524,0.0915527344,31314.36904825602
26,Task 24,0.002598319053649902,0.183105469,67637.51884731058
26,Task 25,0.00031348705291748044,0.000762939453,773.3460186813876
27,Task 1,0.0017904520034790039,6.7024231,4906582.238970931
27,Task 2,0.05544651508331299,61.1328125,48378027.70585204
27,Task 3,0.04650588035583496,30.5664062,26429040.300211694
27,Task 4,0.026954493522644042,30.5664062,23539317.336441267
27,Task 5,0.026158938407897948,15.3320312,90017443.27395447
27,Task 6,0.01569256782531738,15.3320312,362439.37008131336
27,Task 7,0.015317659378051757,7.71484375,217434.86893762837
27,Task 8,0.009429869651794433,7.71484375,375150.80710031034
27,Task 9,0.009546504020690919,3.90625,195726.59716397978
27,Task 10,0.006462197303771972,3.90625,326269.1012072429
27,Task 11,0.006656060218811035,1.953125,167127.36174745808
27,Task 12,0.004933581352233886,1.953125,271477.77164797304
27,Task 13,0.005601077079772949,0.9765625,134080.49661171788
27,Task 14,0.004582328796386719,0.9765625,198075.04163527573
27,Task 15,0.004366226196289062,0.48828125,96152.97622928095
27,Task 16,0.0034247589111328124,0.48828125,129723.20801200796
27,Task 17,0.0035651302337646484,0.29296875,68558.24237569075
27,Task 18,0.0030064964294433593,0.29296875,83800.18481056916
27,Task 19,0.003810620307922363,0.1953125,58631.86845829912
27,Task 20,0.0037807655334472657,0.1953125,74749.78725300185
27,Task 21,0.0013400554656982423,0.000762939453,280.4946620264237
27,Task 22,0.0016562891006469726,0.0457763672,19956.784053493375
27,Task 23,0.0015159082412719727,0.0915527344,31490.935937783506
27,Task 24,0.0017020034790039063,0.183105469,63479.20755116764
27,Task 25,0.00022324562072753907,0.000762939453,746.2377682097996
28,Task 1,0.0018223762512207032,6.7024231,4820629.106703647
28,Task 2,0.055610337257385255,61.1328125,47531395.80014482
28,Task 3,0.046123504638671875,30.5664062,26166722.01709146
28,Task 4,0.026595907211303713,30.5664062,22998844.2390864
28,Task 5,0.02609631061553955,15.3320312,87545422.91649356
28,Task 6,0.01571211814880371,15.3320312,361371.66201651073
28,Task 7,0.015226287841796875,7.71484375,219237.4599288727
28,Task 8,0.009291496276855469,7.71484375,380208.876488418
28,Task 9,0.009374589920043945,3.90625,196196.31584823324
28,Task 10,0.006335210800170898,3.90625,325863.1300700744
28,Task 11,0.006331429481506347,1.953125,168130.27749105595
28,Task 12,0.004754257202148437,1.953125,275520.7475438373
28,Task 13,0.005216636657714844,0.9765625,136539.3058168031
28,Task 14,0.004329133033752442,0.9765625,202045.36839807616
28,Task 15,0.004329676628112793,0.48828125,101083.01796132994
28,Task 16,0.0032678842544555664,0.48828125,134616.1919281072
28,Task 17,0.0035033416748046875,0.29296875,73610.64708850393
28,Task 18,0.003061833381652832,0.29296875,88701.36283780435
28,Task 19,0.003799877166748047,0.1953125,59126.817540547956
28,Task 20,0.0035261964797973634,0.1953125,78338.14788603947
28,Task 21,0.0013181924819946288,0.000762939453,285.4417561358043
28,Task 22,0.001685791015625,0.0457763672,19596.10224368608
28,Task 23,0.0015311050415039063,0.0915527344,31579.96817636518
28,Task 24,0.0017420005798339843,0.183105469,68062.00430833391
28,Task 25,0.00022954940795898436,0.000762939453,758.6145526234875
29,Task 1,0.0018184661865234375,6.7024231,4830994.419970632
29,Task 2,0.05568613529205322,61.1328125,49951872.13507528
29,Task 3,0.046679625511169436,30.5664062,26337082.659026578
29,Task 4,0.026489510536193847,30.5664062,23667156.156480983
29,Task 5,0.02593470096588135,15.3320312,86765006.46861425
29,Task 6,0.01577028751373291,15.3320312,360879.77545225393
29,Task 7,0.015400924682617188,7.71484375,216625.55963694298
29,Task 8,0.009638414382934571,7.71484375,381736.0077749834
29,Task 9,0.009582424163818359,3.90625,197418.89473627115
29,Task 10,0.006599340438842773,3.90625,324661.1702888395
29,Task 11,0.006456046104431152,1.953125,166223.78543863905
29,Task 12,0.004753384590148926,1.953125,265603.853319758
29,Task 13,0.005384125709533691,0.9765625,133577.88990734384
29,Task 14,0.004301242828369141,0.9765625,193958.7769205091
29,Task 15,0.004369425773620606,0.48828125,99131.88190535559
29,Task 16,0.003290858268737793,0.48828125,134640.90436241106
29,Task 17,0.0036051797866821288,0.29296875,71320.77160086544
29,Task 18,0.0029913139343261718,0.29296875,89276.52200133918
29,Task 19,0.0038364028930664065,0.1953125,58588.93439626337
29,Task 20,0.003615546226501465,0.1953125,77791.25659464777
29,Task 21,0.001381254196166992,0.000762939453,277.3786771173226
29,Task 22,0.0016041040420532227,0.0457763672,20058.07525297932
29,Task 23,0.0015212011337280274,0.0915527344,31279.300778569934
29,Task 24,0.00169281005859375,0.183105469,66380.01147401531
29,Task 25,0.00023161411285400391,0.000762939453,723.9797010391135
30,Task 1,0.0017987728118896485,6.7024231,4883885.247726851
30,Task 2,0.05553557395935058,61.1328125,45871747.224747285
30,Task 3,0.046620993614196776,30.5664062,26159634.14252934
30,Task 4,0.026864118576049804,30.5664062,23277093.31804065
30,Task 5,0.025751118659973146,15.3320312,88340005.85239063
30,Task 6,0.015554032325744628,15.3320312,361858.1490615245
30,Task 7,0.01524111270904541,7.71484375,216897.9941457264
30,Task 8,0.00954167366027832,7.71484375,376412.87099645106
30,Task 9,0.00934035301208496,3.90625,198826.31382373272
30,Task 10,0.006202750205993653,3.90625,329175.09059856524
30,Task 11,0.006318821907043457,1.953125,167966.7389691746
30,Task 12,0.004679555892944336,1.953125,268296.7465820171
30,Task 13,0.005275187492370606,0.9765625,137039.78836173317
30,Task 14,0.0043743371963500975,0.9765625,206360.07536836635
30,Task 15,0.00425938606262207,0.48828125,101284.70297392074
30,Task 16,0.0032567453384399416,0.48828125,136765.11503259715
30,Task 17,0.003517446517944336,0.29296875,72793.62118509934
30,Task 18,0.003139019012451172,0.29296875,87784.72778010934
30,Task 19,0.0038979578018188475,0.1953125,60102.55849933614
30,Task 20,0.0037655210494995117,0.1953125,78606.08472464417
30,Task 21,0.001403827667236328,0.000762939453,284.29714422052376
30,Task 22,0.0017467832565307617,0.0457763672,19114.251860853714
30,Task 23,0.001531519889831543,0.0915527344,30785.351227764997
30,Task 24,0.001721177101135254,0.183105469,63736.199278954824
30,Task 25,0.00022748470306396484,0.000762939453,712.3381475795165
31,Task 1,0.0017980337142944336,6.7024231,4885892.811774846
31,Task 2,0.05593465805053711,61.1328125,48649744.34829434
31,Task 3,0.046642117500305176,30.5664062,26394999.270543072
31,Task 4,0.026723623275756836,30.5664062,23911179.398096107
31,Task 5,0.02591552734375,15.3320312,90844039.041214
31,Task 6,0.015659685134887694,15.3320312,359276.35388140235
31,Task 7,0.015340466499328614,7.71484375,216799.76257368329
31,Task 8,0.009303956031799317,7.71484375,378391.8032242811
31,Task 9,0.009193692207336426,3.90625,197564.95525200188
31,Task 10,0.006180973052978516,3.90625,326954.2111414055
31,Task 11,0.0065061855316162105,1.953125,166878.88859912052
31,Task 12,0.004616665840148926,1.953125,275151.7732081237
31,Task 13,0.005214276313781738,0.9765625,139225.89218057352
31,Task 14,0.004265456199645996,0.9765625,207087.1348295537
31,Task 15,0.004299378395080567,0.48828125,98367.92954796307
31,Task 16,0.003369455337524414,0.48828125,138628.18366324616
31,Task 17,0.00358797550201416,0.29296875,73643.96838446366
31,Task 18,0.0031113243103027344,0.29296875,90025.54053464888
31,Task 19,0.003858752250671387,0.1953125,59543.49128537284
31,Task 20,0.0036383152008056642,0.1953125,75976.67111031861
31,Task 21,0.0013018989562988282,0.000762939453,278.70870340074396
31,Task 22,0.001647038459777832,0.0457763672,19284.39275883842
31,Task 23,0.0015178632736206055,0.0915527344,31098.13540869879
31,Task 24,0.0016755342483520507,0.183105469,65964.59810487411
31,Task 25,0.00022121429443359376,0.000762939453,768.1087654013508
32,Task 1,0.0017655372619628906,6.7024231,4975822.481499487
32,Task 2,0.055425992012023924,61.1328125,48433942.68190046
32,Task 3,0.04640830039978027,30.5664062,26400639.03271317
32,Task 4,0.026814045906066893,30.5664062,23720007.150419094
32,Task 5,0.02615954875946045,15.3320312,89094489.97315182
32,Task 6,0.015892152786254884,15.3320312,362573.573706005
32,Task 7,0.015552964210510254,7.71484375,217892.05622466357
32,Task 8,0.009922709465026856,7.71484375,377115.78608553356
32,Task 9,0.009785103797912597,3.90625,195722.03049367896
32,Task 10,0.006447653770446777,3.90625,322171.58171473694
32,Task 11,0.006582608222961426,1.953125,164598.84851210704
32,Task 12,0.004812726974487305,1.953125,257994.04981299344
32,Task 13,0.005375213623046875,0.9765625,130811.08043770118
32,Task 14,0.004355902671813965,0.9765625,198521.8260116509
32,Task 15,0.004351234436035157,0.48828125,97225.89865937256
32,Task 16,0.003373298645019531,0.48828125,132980.7411458612
32,Task 17,0.003576531410217285,0.29296875,71439.02120532547
32,Task 18,0.0031398868560791014,0.29296875,88156.23968937021
32,Task 19,0.0040084123611450195,0.1953125,58833.87892868101
32,Task 20,0.0035714292526245117,0.1953125,75890.10844858587
32,Task 21,0.00134305477142334,0.000762939453,279.6005082307517
32,Task 22,0.0016543769836425781,0.0457763672,19108.96881008137
32,Task 23,0.0015175390243530274,0.0915527344,29937.03970260223
32,Task 24,0.0016890382766723633,0.183105469,67199.98718261963
32,Task 25,0.0002255582809448242,0.000762939453,744.5712723541587
33,Task 1,0.0018064737319946288,6.7024231,4863065.454209506
33,Task 2,0.055681591033935544,61.1328125,45281389.656240985
33,Task 3,0.04655440330505371,30.5664062,26078115.419926938
33,Task 4,0.02649134159088135,30.5664062,22611143.989579856
33,Task 5,0.026004858016967773,15.3320312,85671470.7214441
33,Task 6,0.01563718795776367,15.3320312,360909.22739173076
33,Task 7,0.015443148612976075,7.71484375,217208.23986809197
33,Task 8,0.009701051712036134,7.71484375,381709.6225689331
33,Task 9,0.00972440242767334,3.90625,196886.2893486778
33,Task 10,0.006383113861083985,3.90625,327424.5992200908
33,Task 11,0.006481432914733886,1.953125,165769.3041850912
33,Task 12,0.0047927570343017575,1.953125,263888.91390237596
33,Task 13,0.005467901229858399,0.9765625,131627.6254011685
33,Task 14,0.004467477798461914,0.9765625,200529.0878177488
33,Task 15,0.004319109916687012,0.48828125,98743.59704396894
33,Task 16,0.003290133476257324,0.48828125,133534.83087490575
33,Task 17,0.0036162376403808595,0.29296875,70228.04250799249
33,Task 18,0.003170318603515625,0.29296875,85954.54019541082
33,Task 19,0.003796114921569824,0.1953125,59271.471423067116
33,Task 20,0.0038293027877807618,0.1953125,77808.39344281303
33,Task 21,0.0013607501983642577,0.000762939453,276.53049922202587
33,Task 22,0.001769556999206543,0.0457763672,18925.542667372574
33,Task 23,0.0015363073348999023,0.0915527344,31611.2663813602
33,Task 24,0.0017718696594238282,0.183105469,62674.59464575008
33,Task 25,0.00023457050323486328,0.000762939453,734.8887409328241
34,Task 1,0.0018025875091552735,6.7024231,4873549.802925694
34,Task 2,0.05556950569152832,61.1328125,48171804.359641775
34,Task 3,0.04637380599975586,30.5664062,25910998.01952107
34,Task 4,0.02667999267578125,30.5664062,23276641.916645426
34,Task 5,0.02604280948638916,15.3320312,89674588.99929783
34,Task 6,0.015828285217285156,15.3320312,361637.19201597426
34,Task 7,0.015303812026977538,7.71484375,218054.13168057063
34,Task 8,0.009451007843017578,7.71484375,379010.5987989705
34,Task 9,0.009369106292724609,3.90625,196599.3723786169
34,Task 10,0.006279563903808594,3.90625,323471.5529644831
34,Task 11,0.006406521797180176,1.953125,167278.58362917916
34,Task 12,0.004672536849975586,1.953125,270870.5825370077
34,Task 13,0.005394663810729981,0.9765625,136619.2206607751
34,Task 14,0.004490113258361817,0.9765625,203835.8108313337
34,Task 15,0.004538817405700684,0.48828125,99898.20065572794
34,Task 16,0.0033182907104492188,0.48828125,136970.56236235867
34,Task 17,0.003588871955871582,0.29296875,71181.45142542977
34,Task 18,0.0030710601806640623,0.29296875,85521.22806365456
34,Task 19,0.003885664939880371,0.1953125,56402.357071793194
34,Task 20,0.0037734508514404297,0.1953125,77148.1531723131
34,Task 21,0.0013944101333618164,0.000762939453,278.63908556669116
34,Task 22,0.0016633796691894532,0.0457763672,19537.22703897846
34,Task 23,0.0015462160110473633,0.0915527344,30882.745130282507
34,Task 24,0.001721210479736328,0.183105469,63602.259430087826
34,Task 25,0.00022409915924072267,0.000762939453,717.149119957323
35,Task 1,0.0018077850341796874,6.7024231,4859537.961595274
35,Task 2,0.05502406597137451,61.1328125,50773227.05438372
35,Task 3,0.046311535835266114,30.5664062,26452088.49486198
35,Task 4,0.026689343452453614,30.5664062,23718734.890863717
35,Task 5,0.025877938270568848,15.3320312,90167664.93795465
35,Task 6,0.015716361999511718,15.3320312,365222.0105009081
35,Task 7,0.015402264595031738,7.71484375,218347.32572828513
35,Task 8,0.009860119819641112,7.71484375,378877.81008979375
35,Task 9,0.009577012062072754,3.90625,197851.92879229525
35,Task 10,0.006411876678466797,3.90625,325775.13804779184
35,Task 11,0.006713242530822754,1.953125,166209.3248823794
35,Task 12,0.00471517562866211,1.953125,259631.7333690554
35,Task 13,0.005200643539428711,0.9765625,133653.37661723373
35,Task 14,0.004229888916015625,0.9765625,199629.54126966657
35,Task 15,0.00429840087890625,0.48828125,95333.96075913313
35,Task 16,0.0033732223510742187,0.48828125,135731.95367520052
35,Task 17,0.0035509538650512697,0.29296875,73837.01595556427
35,Task 18,0.0029858922958374023,0.29296875,90782.52588290467
35,Task 19,0.003786468505859375,0.1953125,59557.03230386937
35,Task 20,0.003493475914001465,0.1953125,75891.82489511122
35,Task 21,0.0013134908676147462,0.000762939453,281.61447261877106
35,Task 22,0.0015781545639038086,0.0457763672,20094.49573370255
35,Task 23,0.00151458740234375,0.0915527344,31691.799314930486
35,Task 24,0.001689128875732422,0.183105469,68699.4861015376
35,Task 25,0.00022287368774414061,0.000762939453,761.329998293757
36,Task 1,0.0018253803253173828,6.7024231,4812695.67670646
36,Task 2,0.055926485061645506,61.1328125,47158567.58351084
36,Task 3,0.04648082256317139,30.5664062,24929693.803203877
36,Task 4,0.02670189380645752,30.5664062,22658156.915136036
36,Task 5,0.025666718482971192,15.3320312,87111133.92310873
36,Task 6,0.015529012680053711,15.3320312,359328.85783630045
36,Task 7,0.015069251060485839,7.71484375,217552.08798761969
36,Task 8,0.009197759628295898,7.71484375,378699.73093648284
36,Task 9,0.009257702827453614,3.90625,199480.11676665672
36,Task 10,0.006285820007324219,3.90625,329705.4426761078
36,Task 11,0.0063969135284423825,1.953125,169882.36440713095
36,Task 12,0.004666228294372559,1.953125,278328.64778553694
36,Task 13,0.005246496200561524,0.9765625,138263.2413090831
36,Task 14,0.00433220386505127,0.9765625,203632.93866330053
36,Task 15,0.004302587509155274,0.48828125,100048.24938689408
36,Task 16,0.003271198272705078,0.48828125,137155.74113076204
36,Task 17,0.0035793066024780275,0.29296875,73191.7045816027
36,Task 18,0.003065018653869629,0.29296875,88638.48792938914
36,Task 19,0.0038038444519042968,0.1953125,59499.08036856186
36,Task 20,0.0035787010192871093,0.1953125,78258.78429200315
36,Task 21,0.0013380575180053712,0.000762939453,279.38372178222437
36,Task 22,0.0016991186141967773,0.0457763672,19575.73730399623
36,Task 23,0.0016070795059204101,0.0915527344,31547.031304060052
36,Task 24,0.001768193244934082,0.183105469,67063.43969684534
36,Task 25,0.00023069381713867188,0.000762939453,747.3520282526343
37,Task 1,0.0017955541610717774,6.7024231,4892639.938388814
37,Task 2,0.05583284854888916,61.1328125,49314053.297961004
37,Task 3,0.04702783584594727,30.5664062,26299326.000932775
37,Task 4,0.027157139778137208,30.5664062,23854764.61262407
37,Task 5,0.026005210876464843,15.3320312,92116820.59845686
37,Task 6,0.015887179374694825,15.3320312,359931.48338837223
37,Task 7,0.015446548461914062,7.71484375,215021.5891950602
37,Task 8,0.0093947172164917,7.71484375,372351.43621938577
37,Task 9,0.009473223686218262,3.90625,196883.6178380575
37,Task 10,0.0064362001419067385,3.90625,322272.43611003476
37,Task 11,0.006554031372070312,1.953125,165732.81767846647
37,Task 12,0.004792685508728027,1.953125,272493.56643818057
37,Task 13,0.005363502502441406,0.9765625,135117.6793029976
37,Task 14,0.0044780921936035155,0.9765625,198875.1082592651
37,Task 15,0.0042906045913696286,0.48828125,97649.82247831908
37,Task 16,0.0032588958740234373,0.48828125,133536.8237357713
37,Task 17,0.003682537078857422,0.29296875,71595.00714788657
37,Task 18,0.0030180883407592775,0.29296875,85750.80266290714
37,Task 19,0.0038324594497680664,0.1953125,59665.251026611324
37,Task 20,0.0037761640548706053,0.1953125,78554.21280580593
37,Task 21,0.0013277292251586913,0.000762939453,271.55191613447903
37,Task 22,0.0016248512268066406,0.0457763672,19880.13378856414
37,Task 23,0.0015233850479125976,0.0915527344,31311.485893806963
37,Task 24,0.0016794967651367187,0.183105469,63556.56070886038
37,Task 25,0.00021815776824951171,0.000762939453,753.1656161899119
38,Task 1,0.0018041133880615234,6.7024231,4869427.863089732
38,Task 2,0.05574031352996826,61.1328125,46070831.99613976
38,Task 3,0.04664156436920166,30.5664062,25893749.627250902
38,Task 4,0.027000484466552736,30.5664062,23558986.346940033
38,Task 5,0.025892806053161622,15.3320312,89019214.22808018
38,Task 6,0.015514426231384278,15.3320312,360529.0090303416
38,Task 7,0.015138993263244629,7.71484375,216802.33364293314
38,Task 8,0.009306907653808594,7.71484375,374511.7985762957
38,Task 9,0.009298391342163086,3.90625,197738.3211957758
38,Task 10,0.006250619888305664,3.90625,330015.4271669231
38,Task 11,0.006316466331481934,1.953125,169099.75158092738
38,Task 12,0.0047154569625854495,1.953125,275064.51070806436
38,Task 13,0.005342206954956055,0.9765625,137658.21988970335
38,Task 14,0.00440913200378418,0.9765625,204779.6895144372
38,Task 15,0.004315247535705566,0.48828125,101322.4746897126
38,Task 16,0.0034103488922119143,0.48828125,135723.8556258804
38,Task 17,0.0035910701751708986,0.29296875,71880.4050905884
38,Task 18,0.0030909681320190428,0.29296875,87091.97176914374
38,Task 19,0.003908834457397461,0.1953125,59324.52261006682
38,Task 20,0.0036173439025878906,0.1953125,75065.63348536498
38,Task 21,0.001378316879272461,0.000762939453,278.4685208643716
38,Task 22,0.0017392349243164063,0.0457763672,19411.393918450904
38,Task 23,0.001547245979309082,0.0915527344,30699.688438557496
38,Task 24,0.001700582504272461,0.183105469,66347.02324772083
38,Task 25,0.00022574901580810547,0.000762939453,725.5225667176376
39,Task 1,0.0018259048461914062,6.7024231,4811313.151572131
39,Task 2,0.05528277397155762,61.1328125,49617797.69569197
39,Task 3,0.04644328117370605,30.5664062,26558109.55987407
39,Task 4,0.026382040977478028,30.5664062,23485232.399555005
39,Task 5,0.025713348388671876,15.3320312,87391117.86832556
39,Task 6,0.015593223571777344,15.3320312,363512.8731119602
39,Task 7,0.015247488021850586,7.71484375,217727.94136097617
39,Task 8,0.009320220947265624,7.71484375,383291.04289666103
39,Task 9,0.009402318000793457,3.90625,199118.3692846334
39,Task 10,0.00649792194366455,3.90625,328347.75801373395
39,Task 11,0.0064815950393676755,1.953125,167896.50835149782
39,Task 12,0.004710245132446289,1.953125,274671.6000065487
39,Task 13,0.0053978443145751955,0.9765625,136136.64203784443
39,Task 14,0.004523324966430664,0.9765625,196986.05355639817
39,Task 15,0.004558305740356445,0.48828125,98741.1271628035
39,Task 16,0.003260388374328613,0.48828125,135874.03245563418
39,Task 17,0.003499398231506348,0.29296875,71139.51007499933
39,Task 18,0.0030951690673828125,0.29296875,84893.30367590474
39,Task 19,0.003868088722229004,0.1953125,56161.217474627236
39,Task 20,0.0036593961715698244,0.1953125,78518.25322887066
39,Task 21,0.0013603782653808594,0.000762939453,285.7634181204752
39,Task 22,0.0016149044036865234,0.0457763672,19385.047696517046
39,Task 23,0.0015085411071777343,0.0915527344,31023.07331018236
39,Task 24,0.001705923080444336,0.183105469,65584.59066678307
39,Task 25,0.00022995471954345703,0.000762939453,735.0896625212064
40,Task 1,0.0017877578735351562,6.7024231,4913976.4002987305
40,Task 2,0.05532844066619873,61.1328125,47630959.29273775
40,Task 3,0.04652678489685059,30.5664062,25725513.15450256
40,Task 4,0.026593613624572753,30.5664062,22602202.571186464
40,Task 5,0.025771541595458983,15.3320312,88232736.5058097
40,Task 6,0.015440731048583985,15.3320312,363212.83878649154
40,Task 7,0.01508181095123291,7.71484375,217337.17518668444
40,Task 8,0.009263596534729003,7.71484375,380241.6678964011
40,Task 9,0.009313974380493164,3.90625,198668.75177161145
40,Task 10,0.006326742172241211,3.90625,331590.51756617037
40,Task 11,0.006383161544799804,1.953125,169740.88909334358
40,Task 12,0.004642939567565918,1.953125,276350.55028601695
40,Task 13,0.005319247245788574,0.9765625,137427.90646716655
40,Task 14,0.004397745132446289,0.9765625,202315.81517831437
40,Task 15,0.004298777580261231,0.48828125,100263.79490918436
40,Task 16,0.0032443809509277344,0.48828125,137843.70670487164
40,Task 17,0.003584275245666504,0.29296875,72190.66575708163
40,Task 18,0.0031026411056518555,0.29296875,87317.4748502072
40,Task 19,0.003859119415283203,0.1953125,59551.81332839352
40,Task 20,0.003600759506225586,0.1953125,78905.65376633608
40,Task 21,0.0013933372497558594,0.000762939453,278.9964306477383
40,Task 22,0.0016822671890258788,0.0457763672,19338.363012951246
40,Task 23,0.0015573644638061524,0.0915527344,31095.17666770458
40,Task 24,0.0017725706100463867,0.183105469,66652.60470327121
40,Task 25,0.00022776126861572265,0.000762939453,717.7013319461746
41,Task 1,0.001833343505859375,6.7024231,4791791.593841032
41,Task 2,0.05564772605895996,61.1328125,46785028.91507228
41,Task 3,0.04639965534210205,30.5664062,25890079.324062403
41,Task 4,0.0266442346572876,30.5664062,23319215.033929586
41,Task 5,0.025806212425231935,15.3320312,89890723.04410887
41,Task 6,0.01567606449127197,15.3320312,361128.86227746046
41,Task 7,0.015257339477539062,7.71484375,217932.65328039168
41,Task 8,0.009393997192382812,7.71484375,379519.25172803627
41,Task 9,0.009316763877868652,3.90625,198401.83889186068
41,Task 10,0.006288356781005859,3.90625,326612.58843702025
41,Task 11,0.006471195220947266,1.953125,167788.0998694876
41,Task 12,0.004657554626464844,1.953125,272514.4523223611
41,Task 13,0.005408368110656738,0.9765625,137386.7596924458
41,Task 14,0.0045070934295654294,0.9765625,203550.79149870639
41,Task 15,0.004471712112426758,0.48828125,98899.81342678696
41,Task 16,0.0032676172256469725,0.48828125,137411.16343830622
41,Task 17,0.003556704521179199,0.29296875,71001.08427223362
41,Task 18,0.0030250787734985352,0.29296875,85199.03259183712
41,Task 19,0.0038341999053955076,0.1953125,57248.765923142375
41,Task 20,0.0037382698059082032,0.1953125,78344.54965860123
41,Task 21,0.0014246416091918946,0.000762939453,281.1591443835929
41,Task 22,0.0017126846313476564,0.0457763672,19834.19424500122
41,Task 23,0.0015474653244018555,0.0915527344,31297.272693355222
41,Task 24,0.0017180681228637696,0.183105469,64200.823498798425
41,Task 25,0.0002235603332519531,0.000762939453,701.9309232216193
42,Task 1,0.0018235206604003905,6.7024231,4817603.765493437
42,Task 2,0.05559543609619141,61.1328125,51848218.75156201
42,Task 3,0.04667449951171875,30.5664062,26970297.380982187
42,Task 4,0.02690357208251953,30.5664062,23969844.58398117
42,Task 5,0.026332359313964843,15.3320312,90722793.71421191
42,Task 6,0.015810184478759766,15.3320312,361468.51992004947
42,Task 7,0.015128941535949706,7.71484375,216649.35041159124
42,Task 8,0.009284019470214844,7.71484375,375860.86966385494
42,Task 9,0.009322223663330078,3.90625,194437.5716187615
42,Task 10,0.006229467391967773,3.90625,323841.8885547147
42,Task 11,0.006265029907226562,1.953125,169212.1021101757
42,Task 12,0.004517903327941894,1.953125,275742.6358500257
42,Task 13,0.005430755615234375,0.9765625,137306.2958181331
42,Task 14,0.004260239601135254,0.9765625,205475.03012062027
42,Task 15,0.004233441352844238,0.48828125,102154.34075769939
42,Task 16,0.00325228214263916,0.48828125,141658.63090557727
42,Task 17,0.0035524368286132812,0.29296875,70708.39257115562
42,Task 18,0.003092069625854492,0.29296875,90135.77543799953
42,Task 19,0.004047880172729492,0.1953125,60470.89794405829
42,Task 20,0.003525447845458984,0.1953125,78713.958006196
42,Task 21,0.0013374996185302735,0.000762939453,281.4969127516778
42,Task 22,0.0015454339981079103,0.0457763672,19404.47896072813
42,Task 23,0.0014854860305786133,0.0915527344,29645.146318420735
42,Task 24,0.001671433448791504,0.183105469,68076.4573809073
42,Task 25,0.0002215099334716797,0.000762939453,747.663764643807
43,Task 1,0.0017447233200073241,6.7024231,5035182.311865426
43,Task 2,0.05494410991668701,61.1328125,51440001.30283188
43,Task 3,0.04597622394561768,30.5664062,26878324.262384236
43,Task 4,0.026355724334716796,30.5664062,23514086.216518015
43,Task 5,0.025702705383300783,15.3320312,89973242.65493904
43,Task 6,0.015534019470214844,15.3320312,365753.4907831252
43,Task 7,0.014830164909362793,7.71484375,219939.767388484
43,Task 8,0.008994197845458985,7.71484375,383673.76557661424
43,Task 9,0.008996548652648926,3.90625,199200.82044462516
43,Task 10,0.005997810363769531,3.90625,329599.17488304706
43,Task 11,0.006223821640014648,1.953125,172621.14181776793
43,Task 12,0.00451533317565918,1.953125,284627.9394768373
43,Task 13,0.0051546478271484375,0.9765625,142276.78295533024
43,Task 14,0.004230313301086426,0.9765625,213411.21548823692
43,Task 15,0.004191174507141114,0.48828125,102830.71029626962
43,Task 16,0.00318720817565918,0.48828125,141739.2637712871
43,Task 17,0.0034911632537841797,0.29296875,74495.87496114738
43,Task 18,0.0029996967315673827,0.29296875,90773.41857904033
43,Task 19,0.003752470016479492,0.1953125,61080.73036897308
43,Task 20,0.0034634685516357422,0.1953125,80321.07910461604
43,Task 21,0.0012902212142944336,0.000762939453,286.4374786587448
43,Task 22,0.0015576982498168945,0.0457763672,20002.021993953094
43,Task 23,0.0014905691146850585,0.0915527344,31978.936400025414
43,Task 24,0.0017038297653198242,0.183105469,69294.69588706146
43,Task 25,0.0002233552932739258,0.000762939453,775.0608879476973
44,Task 1,0.0017233848571777343,6.7024231,5097526.512091196
44,Task 2,0.055012569427490235,61.1328125,50915221.02048236
44,Task 3,0.04599684715270996,30.5664062,26620714.063747548
44,Task 4,0.026070394515991212,30.5664062,24214458.801558573
44,Task 5,0.02545431613922119,15.3320312,89358960.60895193
44,Task 6,0.015420765876770019,15.3320312,365298.33471035556
44,Task 7,0.015094699859619141,7.71484375,219841.1549041191
44,Task 8,0.009395251274108887,7.71484375,387872.9182175376
44,Task 9,0.009493875503540038,3.90625,201144.66921823393
44,Task 10,0.006547541618347168,3.90625,332019.82579301164
44,Task 11,0.006516389846801758,1.953125,169595.95247391638
44,Task 12,0.004723896980285644,1.953125,272478.076989251
44,Task 13,0.005480418205261231,0.9765625,134823.76080481766
44,Task 14,0.004398884773254394,0.9765625,195493.22090802033
44,Task 15,0.004518551826477051,0.48828125,98213.89067354707
44,Task 16,0.0033296966552734376,0.48828125,135481.36266961956
44,Task 17,0.003444528579711914,0.29296875,70067.64550036674
44,Task 18,0.0029455900192260744,0.29296875,87294.8530806612
44,Task 19,0.0037496471405029297,0.1953125,56655.320073996765
44,Task 20,0.0034674072265625,0.1953125,76883.88057649566
44,Task 21,0.0012842655181884766,0.000762939453,290.315489292191
44,Task 22,0.0015737533569335938,0.0457763672,20369.433494945242
44,Task 23,0.001504993438720703,0.0915527344,32003.01135106402
44,Task 24,0.0016545486450195313,0.183105469,69215.98310156663
44,Task 25,0.00022489070892333984,0.000762939453,778.655181376007
45,Task 1,0.0017204046249389648,6.7024231,5106356.884103161
45,Task 2,0.054824604988098144,61.1328125,53737738.58940535
45,Task 3,0.04575754642486572,30.5664062,26888646.364669174
45,Task 4,0.026376752853393554,30.5664062,24406129.60823101
45,Task 5,0.025600976943969726,15.3320312,95652216.50476623
45,Task 6,0.01561521053314209,15.3320312,366550.7485984192
45,Task 7,0.015381712913513184,7.71484375,220990.87014213033
45,Task 8,0.0092803955078125,7.71484375,383367.8867222286
45,Task 9,0.009398541450500487,3.90625,199992.36791649112
45,Task 10,0.006389865875244141,3.90625,327885.4287064008
45,Task 11,0.0064399814605712894,1.953125,166431.39905120592
45,Task 12,0.004545946121215821,1.953125,275850.31239723775
45,Task 13,0.0052852630615234375,0.9765625,136191.34487424514
45,Task 14,0.004275197982788086,0.9765625,200317.1936611415
45,Task 15,0.004228625297546387,0.48828125,99379.16807965869
45,Task 16,0.0031559419631958007,0.48828125,140784.77459579546
45,Task 17,0.0035011100769042967,0.29296875,72654.85095633345
45,Task 18,0.0029363155364990233,0.29296875,89820.40166232793
45,Task 19,0.0037504911422729494,0.1953125,60539.7693071886
45,Task 20,0.00352330207824707,0.1953125,81116.82755432131
45,Task 21,0.0013014602661132813,0.000762939453,285.6236959233816
45,Task 22,0.0014910936355590821,0.0457763672,20433.771253186966
45,Task 23,0.0014899969100952148,0.0915527344,31995.80946811013
45,Task 24,0.0016415548324584962,0.183105469,68117.91741666554
45,Task 25,0.00021009445190429689,0.000762939453,768.3676759386816
46,Task 1,0.0017275094985961914,6.7024231,5085355.540527485
46,Task 2,0.05541883945465088,61.1328125,47568127.84129671
46,Task 3,0.04626045227050781,30.5664062,26328169.57762897
46,Task 4,0.0263322114944458,30.5664062,23338193.651322734
46,Task 5,0.025440759658813476,15.3320312,89852393.38222753
46,Task 6,0.015220894813537597,15.3320312,362620.36877268995
46,Task 7,0.014833784103393555,7.71484375,218588.43793549878
46,Task 8,0.008953819274902344,7.71484375,384016.35966401466
46,Task 9,0.009031662940979004,3.90625,201251.8520934288
46,Task 10,0.00594365119934082,3.90625,336379.69795614295
46,Task 11,0.006219534873962402,1.953125,172579.0251601642
46,Task 12,0.004563493728637695,1.953125,285911.51121127815
46,Task 13,0.005297703742980957,0.9765625,141723.6236963967
46,Task 14,0.004397687911987305,0.9765625,215355.84055503766
46,Task 15,0.004399299621582031,0.48828125,102901.58556378711
46,Task 16,0.0033876323699951172,0.48828125,140243.42708827482
46,Task 17,0.0036939716339111327,0.29296875,72484.23442114331
46,Task 18,0.003017730712890625,0.29296875,87318.61098039385
46,Task 19,0.0037744331359863283,0.1953125,58191.08085844353
46,Task 20,0.0034616804122924805,0.1953125,75569.00278419792
46,Task 21,0.0013006734848022461,0.000762939453,270.71133703893986
46,Task 22,0.0016844892501831055,0.0457763672,19882.48976083329
46,Task 23,0.0015217161178588867,0.0915527344,31792.853569425282
46,Task 24,0.0017166709899902343,0.183105469,69330.4902288947
46,Task 25,0.00022365570068359376,0.000762939453,768.8324638616275
47,Task 1,0.0017664194107055663,6.7024231,4973337.558881885
47,Task 2,0.05505727291107178,61.1328125,39374055.826421104
47,Task 3,0.04663767337799072,30.5664062,24296384.10474995
47,Task 4,0.026644277572631835,30.5664062,22203684.84938175
47,Task 5,0.02557546615600586,15.3320312,92667751.2522263
47,Task 6,0.015268626213073731,15.3320312,365001.7325133222
47,Task 7,0.014733219146728515,7.71484375,216820.42150867803
47,Task 8,0.009006328582763672,7.71484375,379518.6404448334
47,Task 9,0.009072356224060059,3.90625,200191.85452061353
47,Task 10,0.006013164520263672,3.90625,335328.13814094226
47,Task 11,0.006232800483703613,1.953125,173757.00276395085
47,Task 12,0.004494199752807617,1.953125,284244.5705233687
47,Task 13,0.005144085884094238,0.9765625,141087.9344227485
47,Task 14,0.004276351928710937,0.9765625,212866.28624354902
47,Task 15,0.004249773025512695,0.48828125,102682.57449814974
47,Task 16,0.003220539093017578,0.48828125,142405.77526625938
47,Task 17,0.0034651088714599608,0.29296875,74648.83142549127
47,Task 18,0.0029649591445922853,0.29296875,89796.16420759665
47,Task 19,0.00370305061340332,0.1953125,60238.511201222565
47,Task 20,0.0034620094299316405,0.1953125,79489.79739293689
47,Task 21,0.001275463104248047,0.000762939453,288.59122096751554
47,Task 22,0.002035045623779297,0.0457763672,20236.366531199088
47,Task 23,0.0016489696502685546,0.0915527344,32405.714241565005
47,Task 24,0.0018043851852416993,0.183105469,69323.90129415071
47,Task 25,0.00021686077117919923,0.000762939453,784.0289512643747
48,Task 1,0.0017748117446899415,6.7024231,4949820.749318251
48,Task 2,0.054829282760620116,61.1328125,48018458.481497355
48,Task 3,0.04579180240631103,30.5664062,26516369.18532358
48,Task 4,0.026318941116333008,30.5664062,23216632.834204208
48,Task 5,0.02557431221008301,15.3320312,85378158.486285
48,Task 6,0.015555596351623536,15.3320312,366519.47623931884
48,Task 7,0.015150995254516601,7.71484375,220825.5510511716
48,Task 8,0.009292888641357421,7.71484375,384209.98608202726
48,Task 9,0.009360270500183105,3.90625,200200.88743506357
48,Task 10,0.006181540489196777,3.90625,329141.99393362546
48,Task 11,0.006307563781738281,1.953125,168965.79775753338
48,Task 12,0.00447779655456543,1.953125,275479.465944193
48,Task 13,0.005095438957214355,0.9765625,136748.1847853607
48,Task 14,0.004221076965332031,0.9765625,207068.12520875712
48,Task 15,0.004245405197143555,0.48828125,101465.48210149442
48,Task 16,0.0032004308700561523,0.48828125,142927.44036070033
48,Task 17,0.003507871627807617,0.29296875,75361.5151166349
48,Task 18,0.002982192039489746,0.29296875,90972.04413798089
48,Task 19,0.0037543153762817382,0.1953125,60300.48678798552
48,Task 20,0.0035149812698364257,0.1953125,79989.22969878378
48,Task 21,0.0013259410858154296,0.000762939453,285.07314579951986
48,Task 22,0.001668691635131836,0.0457763672,20119.428663710743
48,Task 23,0.0015109157562255859,0.0915527344,31963.217783490425
48,Task 24,0.0017256593704223632,0.183105469,68279.1689559042
48,Task 25,0.00023537635803222656,0.000762939453,754.181321250045
49,Task 1,0.0017294645309448241,6.7024231,5079606.920415225
49,Task 2,0.05503549575805664,61.1328125,48463695.74920328
49,Task 3,0.04600656509399414,30.5664062,26752263.117541425
49,Task 4,0.02658242702484131,30.5664062,23836289.282218736
49,Task 5,0.026086015701293944,15.3320312,90607715.24520026
49,Task 6,0.01573713302612305,15.3320312,365146.1610947358
49,Task 7,0.015139808654785156,7.71484375,219794.71797863164
49,Task 8,0.009319024085998535,7.71484375,380401.6838097712
49,Task 9,0.009168295860290528,3.90625,196273.74523684094
49,Task 10,0.00620267391204834,3.90625,325345.15603960346
49,Task 11,0.006544604301452637,1.953125,169090.64429892084
49,Task 12,0.004804778099060059,1.953125,274706.87664025876
49,Task 13,0.005378036499023437,0.9765625,139611.55044569416
49,Task 14,0.004421491622924805,0.9765625,206362.61363243248
49,Task 15,0.004403576850891113,0.48828125,97790.48060368538
49,Task 16,0.003311634063720703,0.48828125,133200.74034744722
49,Task 17,0.003964037895202637,0.29296875,71401.5235987573
49,Task 18,0.00325131893157959,0.29296875,86848.51917597551
49,Task 19,0.003945331573486328,0.1953125,58134.55939759415
49,Task 20,0.0036261463165283203,0.1953125,77303.22706983441
49,Task 21,0.0013553190231323242,0.000762939453,252.2680222634151
49,Task 22,0.0016533613204956054,0.0457763672,18454.049345091524
49,Task 23,0.0014975929260253905,0.0915527344,30415.694540461885
49,Task 24,0.0016807985305786132,0.183105469,66185.96687785519
49,Task 25,0.00022179126739501953,0.000762939453,737.8336634638727
50,Task 1,0.0017417192459106446,6.7024231,5043866.869259304
50,Task 2,0.055125093460083006,61.1328125,50485989.1529416
50,Task 3,0.04632735729217529,30.5664062,26347984.624020424
50,Task 4,0.026525940895080567,30.5664062,23731530.66079171
50,Task 5,0.025861086845397948,15.3320312,90052065.36752136
50,Task 6,0.015527076721191406,15.3320312,364552.6699116047
50,Task 7,0.015245513916015625,7.71484375,218272.7569851674
50,Task 8,0.00933232307434082,7.71484375,381211.7368426824
50,Task 9,0.009268426895141601,3.90625,197980.85171780467
50,Task 10,0.006254868507385254,3.90625,329746.55126242834
50,Task 11,0.006455941200256348,1.953125,167918.2488765226
50,Task 12,0.0047035408020019535,1.953125,274315.40674354794
50,Task 13,0.005308575630187988,0.9765625,138103.26331332026
50,Task 14,0.004374947547912598,0.9765625,204640.5929219259
50,Task 15,0.00432136058807373,0.48828125,99133.49272366163
50,Task 16,0.003192591667175293,0.48828125,136067.70451052507
50,Task 17,0.0035431718826293944,0.29296875,72335.78774244603
50,Task 18,0.003011746406555176,0.29296875,87772.48087996311
50,Task 19,0.003826174736022949,0.1953125,59240.60137599241
50,Task 20,0.003502769470214844,0.1953125,80185.6380921087
50,Task 21,0.001279611587524414,0.000762939453,282.23299154708184
50,Task 22,0.0015871334075927735,0.0457763672,19921.996045021522
50,Task 23,0.0015205717086791992,0.0915527344,31362.916824005773
50,Task 24,0.0016882181167602538,0.183105469,68517.21246310837
50,Task 25,0.0002231597900390625,0.000762939453,781.4871401208851
